date,spread_all,spread_5y,spread_10y,spread_30y
2018-01-02,4.804,4.831,4.715,4.747
2018-01-03,4.73,4.783,4.711,4.736
2018-01-04,4.687,4.738,4.702,4.7286
2018-01-05,4.6637,4.7118,4.699,4.7249
2018-01-08,4.6594,4.7052,4.6989,4.72
2018-01-09,4.657,4.7026,4.697,4.72
2018-01-10,4.6607,4.699,4.697,4.72
2018-01-11,4.6701,4.7049,4.7017,4.723
2018-01-12,4.6791,4.7085,4.7052,4.7233
2018-01-15,4.683,4.7139,4.7116,4.7253
2018-01-16,4.6843,4.7124,4.7142,4.7296
2018-01-17,4.6935,4.7133,4.7165,4.732
2018-01-18,4.7044,4.7154,4.7237,4.7332
2018-01-19,4.7115,4.7216,4.7274,4.7384
2018-01-22,4.7122,4.7272,4.7318,4.7429
2018-01-23,4.7163,4.7278,4.7322,4.7423
2018-01-24,4.7267,4.7268,4.7323,4.7423
2018-01-25,4.7317,4.7297,4.7333,4.7423
2018-01-26,4.7292,4.727,4.7324,4.7423
2018-01-29,4.727,4.7287,4.7303,4.7423
2018-01-30,4.7267,4.7299,4.7311,4.7423
2018-01-31,4.7257,4.73,4.7312,4.7423
2018-02-01,4.7276,4.732,4.7332,4.7463
2018-02-02,4.7278,4.7322,4.7314,4.7457
2018-02-05,4.7258,4.7323,4.7302,4.7446
2018-02-06,4.7206,4.7313,4.7321,4.7465
2018-02-07,4.707,4.7302,4.7323,4.745
2018-02-08,4.696,4.7291,4.7313,4.7455
2018-02-09,4.6936,4.729,4.7312,4.7456
2018-02-11,4.6974,4.7289,4.7312,4.7456
2018-02-12,4.696,4.7269,4.7312,4.7456
2018-02-13,4.7006,4.7287,4.7312,4.7456
2018-02-14,4.7031,4.728,4.731,4.744
2018-02-22,4.7054,4.7268,4.7281,4.7434
2018-02-23,4.7076,4.7307,4.7299,4.742
2018-02-24,4.7078,4.7291,4.73,4.742
2018-02-26,4.7128,4.729,4.73,4.742
2018-02-27,4.7103,4.727,4.73,4.7422
2018-02-28,4.7131,4.7287,4.73,4.742
2018-03-01,4.7154,4.7289,4.73,4.742
2018-03-02,4.7191,4.7319,4.73,4.742
2018-03-05,4.722,4.7332,4.73,4.742
2018-03-06,4.7332,4.7334,4.73,4.742
2018-03-07,4.7364,4.7404,4.7305,4.742
2018-03-08,4.7407,4.7468,4.7313,4.7418
2018-03-09,4.741,4.7508,4.7313,4.7418
2018-03-12,4.735,4.7518,4.7313,4.7418
2018-03-13,4.725,4.7518,4.7313,4.7418
2018-03-14,4.719,4.7568,4.7313,4.7418
2018-03-15,4.7139,4.7588,4.7318,4.7418
2018-03-16,4.712,4.7488,4.7318,4.7418
2018-03-19,4.704,4.7418,4.7318,4.7418
2018-03-20,4.685,4.734,4.7318,4.7418
2018-03-21,4.6751,4.7185,4.7285,4.7418
2018-03-22,4.6621,4.7095,4.7178,4.737
2018-03-23,4.6489,4.7005,4.7133,4.7248
2018-03-26,4.6351,4.6925,4.7088,4.7233
2018-03-27,4.6239,4.6606,4.7043,4.7188
2018-03-28,4.6174,4.6656,4.6999,4.7148
2018-03-29,4.5247,4.6053,4.6405,4.678
2018-03-30,4.4615,4.5686,4.6021,4.6508
2018-04-02,4.4052,4.5309,4.5623,4.625
2018-04-03,4.3506,4.4931,4.5313,4.6033
2018-04-04,4.3101,4.474,4.5112,4.58
2018-04-08,4.2781,4.4424,4.4852,4.559
2018-04-09,4.2579,4.414,4.4726,4.5489
2018-04-10,4.229,4.394,4.4666,4.542
2018-04-11,4.209,4.38,4.459,4.538
2018-04-12,4.199,4.367,4.453,4.536
2018-04-13,4.179,4.356,4.451,4.535
2018-04-16,4.173,4.351,4.448,4.534
2018-04-17,4.174,4.351,4.444,4.537
2018-04-18,4.103,4.313,4.415,4.5
2018-04-19,4.05,4.275,4.378,4.448
2018-04-20,4.017,4.238,4.353,4.419
2018-04-23,4.004,4.211,4.336,4.409
2018-04-24,3.991,4.193,4.326,4.394
2018-04-25,3.984,4.185,4.317,4.38
2018-04-26,3.992,4.183,4.315,4.383
2018-04-27,4.007,4.184,4.313,4.385
2018-04-28,4.005,4.18,4.309,4.382
2018-05-02,4.003,4.174,4.306,4.376
2018-05-03,3.993,4.162,4.296,4.364
2018-05-04,3.993,4.154,4.291,4.357
2018-05-07,3.9943,4.15,4.285,4.349
2018-05-08,3.9994,4.151,4.2825,4.348
2018-05-09,4.013,4.152,4.278,4.346
2018-05-10,4.034,4.152,4.282,4.346
2018-05-11,4.05,4.155,4.285,4.348
2018-05-14,4.06,4.162,4.289,4.353
2018-05-15,4.072,4.172,4.297,4.355
2018-05-16,4.082,4.188,4.304,4.363
2018-05-17,4.101,4.194,4.306,4.366
2018-05-18,4.147,4.202,4.309,4.37
2018-05-21,4.151,4.207,4.309,4.371
2018-05-22,4.16,4.207,4.307,4.371
2018-05-23,4.173,4.211,4.309,4.373
2018-05-24,4.193,4.215,4.311,4.371
2018-05-25,4.215,4.229,4.315,4.373
2018-05-28,4.242,4.243,4.318,4.376
2018-05-29,4.282,4.265,4.326,4.381
2018-05-30,4.312,4.289,4.33,4.385
2018-05-31,4.329,4.296,4.333,4.388
2018-06-01,4.339,4.304,4.336,4.391
2018-06-04,4.341,4.307,4.34,4.393
2018-06-05,4.346,4.308,4.343,4.394
2018-06-06,4.354,4.307,4.343,4.394
2018-06-07,4.35,4.307,4.344,4.395
2018-06-08,4.351,4.311,4.345,4.397
2018-06-11,4.353,4.313,4.348,4.398
2018-06-12,4.352,4.317,4.349,4.399
2018-06-13,4.351,4.321,4.35,4.4
2018-06-14,4.351,4.323,4.352,4.4
2018-06-15,4.352,4.332,4.353,4.399
2018-06-19,4.346,4.324,4.352,4.4
2018-06-20,4.334,4.326,4.352,4.4
2018-06-21,4.329,4.322,4.351,4.4
2018-06-22,4.305,4.312,4.35,4.398
2018-06-25,4.272,4.3,4.333,4.385
2018-06-26,4.261,4.296,4.329,4.381
2018-06-27,4.242,4.274,4.31,4.37
2018-06-28,4.192,4.241,4.292,4.352
2018-06-29,4.155,4.223,4.273,4.331
2018-07-02,4.104,4.193,4.243,4.298
2018-07-03,3.9944,4.1253,4.1703,4.2238
2018-07-04,3.919,4.051,4.097,4.149
2018-07-05,3.818,3.97,4.033,4.082
2018-07-06,3.74,3.904,3.976,4.039
2018-07-09,3.682,3.87,3.946,4.009
2018-07-10,3.649,3.847,3.928,3.994
2018-07-11,3.632,3.82,3.911,3.976
2018-07-12,3.626,3.805,3.908,3.969
2018-07-13,3.613,3.799,3.902,3.961
2018-07-16,3.608,3.8,3.903,3.962
2018-07-17,3.601,3.8,3.901,3.969
2018-07-18,3.588,3.793,3.895,3.969
2018-07-19,3.561,3.776,3.887,3.962
2018-07-20,3.536,3.748,3.875,3.953
2018-07-23,3.503,3.724,3.85,3.923
2018-07-24,3.475,3.69,3.814,3.897
2018-07-25,3.419,3.634,3.77,3.851
2018-07-26,3.363,3.556,3.727,3.812
2018-07-27,3.303,3.514,3.688,3.781
2018-07-30,3.233,3.433,3.633,3.737
2018-07-31,3.174,3.38,3.589,3.712
2018-08-01,3.119,3.333,3.554,3.682
2018-08-02,3.056,3.269,3.504,3.626
2018-08-03,3.003,3.213,3.432,3.551
2018-08-06,2.954,3.144,3.35,3.475
2018-08-07,2.895,3.068,3.271,3.395
2018-08-08,2.842,2.995,3.195,3.314
2018-08-09,2.816,2.954,3.152,3.256
2018-08-10,2.801,2.925,3.131,3.244
2018-08-13,2.791,2.915,3.119,3.235
2018-08-14,2.799,2.925,3.133,3.265
2018-08-15,2.807,2.93,3.155,3.285
2018-08-16,2.813,2.946,3.184,3.329
2018-08-17,2.817,2.971,3.219,3.364
2018-08-20,2.83,2.997,3.276,3.406
2018-08-21,2.856,3.053,3.325,3.446
2018-08-22,2.878,3.076,3.352,3.491
2018-08-23,2.887,3.128,3.405,3.512
2018-08-24,2.889,3.156,3.408,3.511
2018-08-27,2.895,3.172,3.411,3.512
2018-08-28,2.899,3.195,3.41,3.514
2018-08-29,2.897,3.207,3.411,3.509
2018-08-30,2.894,3.209,3.411,3.506
2018-08-31,2.894,3.207,3.415,3.503
2018-09-03,2.887,3.207,3.413,3.502
2018-09-04,2.878,3.205,3.409,3.5
2018-09-05,2.85,3.2,3.403,3.5
2018-09-06,2.845,3.201,3.407,3.5
2018-09-07,2.851,3.202,3.409,3.5
2018-09-10,2.842,3.209,3.414,3.5
2018-09-11,2.848,3.213,3.419,3.501
2018-09-12,2.846,3.216,3.437,3.513
2018-09-13,2.843,3.222,3.447,3.521
2018-09-14,2.83,3.224,3.452,3.5225
2018-09-17,2.822,3.227,3.448,3.516
2018-09-18,2.82,3.233,3.449,3.514
2018-09-19,2.818,3.235,3.453,3.513
2018-09-20,2.812,3.241,3.448,3.512
2018-09-21,2.815,3.248,3.453,3.516
2018-09-25,2.827,3.257,3.461,3.52
2018-09-26,2.83,3.267,3.475,3.523
2018-09-27,2.838,3.275,3.484,3.526
2018-09-28,2.843,3.282,3.486,3.527
2018-09-29,2.846,3.285,3.489,3.521
2018-09-30,2.847,3.287,3.489,3.521
2018-10-08,2.836,3.269,3.476,3.512
2018-10-09,2.816,3.258,3.464,3.504
2018-10-10,2.81,3.253,3.459,3.502
2018-10-11,2.801,3.251,3.455,3.506
2018-10-12,2.8,3.25,3.453,3.505
2018-10-15,2.801,3.253,3.451,3.505
2018-10-16,2.8,3.253,3.45,3.505
2018-10-17,2.818,3.254,3.45,3.505
2018-10-18,2.832,3.26,3.453,3.504
2018-10-19,2.842,3.267,3.456,3.507
2018-10-22,2.871,3.277,3.471,3.516
2018-10-23,2.903,3.289,3.488,3.532
2018-10-24,2.924,3.296,3.498,3.544
2018-10-25,2.948,3.297,3.505,3.552
2018-10-26,2.952,3.297,3.502,3.55
2018-10-29,2.958,3.297,3.502,3.55
2018-10-30,2.957,3.295,3.501,3.55
2018-10-31,2.963,3.298,3.504,3.55
2018-11-01,2.976,3.297,3.504,3.55
2018-11-02,2.981,3.296,3.505,3.55
2018-11-05,2.986,3.294,3.505,3.55
2018-11-06,2.991,3.294,3.504,3.55
2018-11-07,2.997,3.297,3.505,3.551
2018-11-08,3.0,3.299,3.506,3.55
2018-11-09,3.001,3.3,3.509,3.552
2018-11-12,3.001,3.3,3.51,3.553
2018-11-13,3.004,3.3,3.516,3.558
2018-11-14,3.008,3.298,3.512,3.554
2018-11-15,3.01,3.296,3.512,3.55
2018-11-16,3.023,3.297,3.513,3.553
2018-11-19,3.035,3.293,3.51,3.551
2018-11-20,3.053,3.294,3.505,3.543
2018-11-21,3.06,3.287,3.504,3.544
2018-11-22,3.064,3.281,3.495,3.535
2018-11-23,3.073,3.275,3.491,3.529
2018-11-26,3.085,3.277,3.488,3.525
2018-11-27,3.096,3.278,3.487,3.527
2018-11-28,3.104,3.277,3.486,3.528
2018-11-29,3.1094,3.2767,3.4836,3.5278
2018-11-30,3.113,3.279,3.483,3.527
2018-12-03,3.117,3.275,3.478,3.527
2018-12-04,3.126,3.275,3.478,3.527
2018-12-05,3.133,3.276,3.478,3.526
2018-12-06,3.133,3.275,3.478,3.525
2018-12-07,3.136,3.277,3.478,3.525
2018-12-10,3.142,3.277,3.478,3.526
2018-12-11,3.145,3.274,3.475,3.521
2018-12-12,3.147,3.274,3.477,3.522
2018-12-13,3.149,3.273,3.477,3.52
2018-12-14,3.156,3.274,3.479,3.52
2018-12-17,3.164,3.275,3.48,3.52
2018-12-18,3.174,3.278,3.482,3.522
2018-12-19,3.181,3.278,3.482,3.524
2018-12-20,3.199,3.282,3.481,3.524
2018-12-21,3.209,3.284,3.48,3.517
2018-12-24,3.23,3.286,3.48,3.517
2018-12-25,3.273,3.289,3.48,3.518
2018-12-26,3.309,3.291,3.48,3.52
2018-12-27,3.339,3.294,3.48,3.52
2018-12-28,3.357,3.297,3.48,3.521
2018-12-29,3.346,3.299,3.477,3.518
2019-01-02,3.285,3.292,3.472,3.511
2019-01-03,3.246,3.286,3.466,3.507
2019-01-04,3.215,3.27,3.453,3.497
2019-01-07,3.141,3.233,3.415,3.466
2019-01-08,3.093,3.206,3.384,3.431
2019-01-09,3.065,3.184,3.354,3.401
2019-01-10,3.031,3.149,3.321,3.377
2019-01-11,3.007,3.12,3.296,3.35
2019-01-14,2.984,3.106,3.284,3.337
2019-01-15,2.962,3.094,3.271,3.324
2019-01-16,2.942,3.079,3.262,3.314
2019-01-17,2.93,3.066,3.257,3.304
2019-01-18,2.918,3.061,3.248,3.302
2019-01-21,2.915,3.055,3.241,3.3
2019-01-22,2.914,3.054,3.245,3.3
2019-01-23,2.909,3.052,3.246,3.3
2019-01-24,2.904,3.044,3.245,3.3
2019-01-25,2.902,3.037,3.239,3.294
2019-01-28,2.901,3.031,3.228,3.291
2019-01-29,2.9,3.027,3.211,3.282
2019-01-30,2.901,3.026,3.199,3.271
2019-01-31,2.9,3.021,3.182,3.252
2019-02-01,2.9,3.017,3.168,3.241
2019-02-02,2.9,3.011,3.143,3.218
2019-02-03,2.9,3.006,3.133,3.202
2019-02-11,2.898,2.995,3.118,3.198
2019-02-12,2.872,2.961,3.079,3.172
2019-02-13,2.852,2.938,3.044,3.146
2019-02-14,2.83,2.908,3.015,3.119
2019-02-15,2.802,2.898,2.996,3.095
2019-02-18,2.797,2.885,2.989,3.081
2019-02-19,2.778,2.876,2.979,3.073
2019-02-20,2.759,2.864,2.966,3.069
2019-02-21,2.749,2.858,2.958,3.063
2019-02-22,2.749,2.854,2.955,3.063
2019-02-25,2.752,2.85,2.953,3.059
2019-02-26,2.756,2.851,2.953,3.059
2019-02-27,2.756,2.852,2.954,3.061
2019-02-28,2.751,2.85,2.951,3.06
2019-03-01,2.75,2.85,2.95,3.059
2019-03-04,2.75,2.85,2.95,3.058
2019-03-05,2.75,2.85,2.95,3.055
2019-03-06,2.75,2.85,2.95,3.053
2019-03-07,2.751,2.85,2.95,3.054
2019-03-08,2.755,2.85,2.95,3.057
2019-03-11,2.7565,2.85,2.95,3.06
2019-03-12,2.761,2.851,2.95,3.066
2019-03-13,2.768,2.851,2.95,3.066
2019-03-14,2.777,2.854,2.953,3.072
2019-03-15,2.799,2.858,2.956,3.077
2019-03-18,2.814,2.86,2.958,3.082
2019-03-19,2.823,2.865,2.96,3.086
2019-03-20,2.833,2.865,2.962,3.088
2019-03-21,2.838,2.864,2.963,3.091
2019-03-22,2.837,2.862,2.962,3.092
2019-03-25,2.836,2.861,2.957,3.086
2019-03-26,2.828,2.859,2.95,3.08
2019-03-27,2.819,2.857,2.94,3.074
2019-03-28,2.807,2.848,2.931,3.062
2019-03-29,2.801,2.841,2.924,3.051
2019-04-01,2.795,2.835,2.917,3.047
2019-04-02,2.786,2.825,2.913,3.042
2019-04-03,2.767,2.818,2.909,3.044
2019-04-04,2.758,2.815,2.906,3.047
2019-04-08,2.754,2.816,2.906,3.047
2019-04-09,2.751,2.824,2.908,3.047
2019-04-10,2.755,2.833,2.914,3.053
2019-04-11,2.76,2.838,2.923,3.06
2019-04-12,2.761,2.842,2.924,3.067
2019-04-15,2.768,2.85,2.939,3.072
2019-04-16,2.774,2.853,2.947,3.077
2019-04-17,2.787,2.861,2.96,3.091
2019-04-18,2.806,2.864,2.964,3.096
2019-04-19,2.817,2.869,2.969,3.095
2019-04-22,2.822,2.872,2.974,3.101
2019-04-23,2.833,2.885,2.982,3.106
2019-04-24,2.855,2.903,2.991,3.108
2019-04-25,2.88,2.917,3.005,3.119
2019-04-26,2.896,2.932,3.016,3.129
2019-04-28,2.909,2.946,3.03,3.142
2019-04-29,2.923,2.955,3.04,3.147
2019-04-30,2.93,2.963,3.044,3.159
2019-05-05,2.935,2.962,3.051,3.159
2019-05-06,2.934,2.956,3.051,3.156
2019-05-07,2.922,2.951,3.05,3.154
2019-05-08,2.91,2.947,3.05,3.151
2019-05-09,2.903,2.946,3.05,3.151
2019-05-10,2.895,2.948,3.05,3.151
2019-05-13,2.889,2.948,3.05,3.152
2019-05-14,2.891,2.948,3.05,3.153
2019-05-15,2.893,2.948,3.052,3.153
2019-05-16,2.896,2.947,3.051,3.157
2019-05-17,2.9,2.95,3.05,3.162
2019-05-20,2.9,2.95,3.051,3.167
2019-05-21,2.9,2.95,3.056,3.177
2019-05-22,2.903,2.95,3.06,3.185
2019-05-23,2.901,2.951,3.063,3.19
2019-05-24,2.902,2.953,3.076,3.198
2019-05-27,2.904,2.956,3.093,3.202
2019-05-28,2.915,2.965,3.105,3.205
2019-05-29,2.917,2.966,3.108,3.206
2019-05-30,2.916,2.964,3.11,3.205
2019-05-31,2.912,2.963,3.11,3.206
2019-06-03,2.904,2.957,3.107,3.208
2019-06-04,2.902,2.953,3.108,3.208
2019-06-05,2.916,2.952,3.11,3.209
2019-06-06,2.924,2.953,3.111,3.212
2019-06-10,2.932,2.958,3.116,3.215
2019-06-11,2.94,2.973,3.115,3.213
2019-06-12,2.943,2.976,3.116,3.217
2019-06-13,2.944,2.982,3.119,3.22
2019-06-14,2.947,2.986,3.12,3.225
2019-06-17,2.947,2.991,3.121,3.228
2019-06-18,2.943,2.98,3.122,3.231
2019-06-19,2.929,2.967,3.122,3.218
2019-06-20,2.911,2.958,3.115,3.207
2019-06-21,2.895,2.938,3.112,3.19
2019-06-24,2.859,2.906,3.093,3.17
2019-06-25,2.809,2.878,3.075,3.138
2019-06-26,2.758,2.847,3.059,3.112
2019-06-27,2.722,2.824,3.05,3.105
2019-06-28,2.708,2.803,3.047,3.103
2019-07-01,2.681,2.779,3.042,3.099
2019-07-02,2.657,2.76,3.039,3.096
2019-07-03,2.641,2.751,3.036,3.096
2019-07-04,2.627,2.733,3.032,3.094
2019-07-05,2.606,2.712,3.024,3.084
2019-07-08,2.603,2.707,3.022,3.086
2019-07-09,2.601,2.702,3.019,3.087
2019-07-10,2.6,2.7,3.017,3.089
2019-07-11,2.6,2.7,3.015,3.088
2019-07-12,2.6,2.7,3.015,3.091
2019-07-15,2.6,2.7,3.018,3.093
2019-07-16,2.609,2.702,3.018,3.096
2019-07-17,2.613,2.704,3.018,3.099
2019-07-18,2.623,2.704,3.018,3.101
2019-07-19,2.631,2.705,3.018,3.101
2019-07-22,2.628,2.704,3.018,3.1
2019-07-23,2.628,2.703,3.017,3.097
2019-07-24,2.625,2.703,3.016,3.096
2019-07-25,2.625,2.704,3.015,3.096
2019-07-26,2.629,2.704,3.016,3.096
2019-07-29,2.631,2.706,3.016,3.098
2019-07-30,2.636,2.708,3.017,3.098
2019-07-31,2.644,2.708,3.017,3.098
2019-08-01,2.646,2.708,3.016,3.096
2019-08-02,2.649,2.707,3.018,3.096
2019-08-05,2.646,2.706,3.015,3.094
2019-08-06,2.635,2.703,3.01,3.087
2019-08-07,2.623,2.701,3.005,3.083
2019-08-08,2.618,2.701,3.004,3.0805
2019-08-09,2.618,2.706,3.002,3.0785
2019-08-12,2.625,2.71,3.001,3.0755
2019-08-13,2.644,2.713,3.001,3.0785
2019-08-14,2.656,2.72,3.001,3.083
2019-08-15,2.661,2.726,2.997,3.0825
2019-08-16,2.666,2.728,2.996,3.0775
2019-08-19,2.669,2.729,2.998,3.074
2019-08-20,2.671,2.73,2.999,3.068
2019-08-21,2.674,2.734,2.996,3.064
2019-08-22,2.682,2.741,2.996,3.059
2019-08-23,2.69,2.748,2.996,3.056
2019-08-26,2.694,2.751,2.995,3.055
2019-08-27,2.7,2.753,2.993,3.055
2019-08-28,2.702,2.753,2.991,3.055
2019-08-29,2.7002,2.7513,2.9921,3.0545
2019-08-30,2.701,2.7525,2.99,3.051
2019-09-02,2.7,2.754,2.991,3.05
2019-09-03,2.701,2.757,2.991,3.052
2019-09-04,2.702,2.758,2.991,3.051
2019-09-05,2.704,2.761,2.991,3.052
2019-09-06,2.708,2.768,2.991,3.052
2019-09-09,2.707,2.768,2.989,3.051
2019-09-10,2.707,2.772,2.98,3.046
2019-09-11,2.707,2.778,2.979,3.043
2019-09-12,2.709,2.787,2.976,3.042
2019-09-16,2.71,2.792,2.972,3.043
2019-09-17,2.708,2.795,2.97,3.043
2019-09-18,2.706,2.798,2.97,3.044
2019-09-19,2.709,2.8,2.97,3.045
2019-09-20,2.717,2.808,2.971,3.046
2019-09-23,2.725,2.813,2.97,3.048
2019-09-24,2.729,2.813,2.969,3.048
2019-09-25,2.729,2.815,2.966,3.047
2019-09-26,2.732,2.815,2.965,3.048
2019-09-27,2.726,2.816,2.964,3.048
2019-09-29,2.727,2.815,2.963,3.047
2019-09-30,2.728,2.819,2.964,3.048
2019-10-08,2.724,2.817,2.96,3.048
2019-10-09,2.72,2.813,2.957,3.047
2019-10-10,2.718,2.814,2.955,3.049
2019-10-11,2.718,2.813,2.953,3.05
2019-10-12,2.719,2.816,2.952,3.047
2019-10-14,2.722,2.816,2.951,3.049
2019-10-15,2.731,2.821,2.951,3.049
2019-10-16,2.732,2.822,2.95,3.048
2019-10-17,2.736,2.825,2.95,3.05
2019-10-18,2.746,2.834,2.95,3.051
2019-10-21,2.763,2.841,2.951,3.054
2019-10-22,2.793,2.851,2.955,3.057
2019-10-23,2.808,2.86,2.962,3.061
2019-10-24,2.824,2.865,2.965,3.061
2019-10-25,2.831,2.873,2.972,3.063
2019-10-28,2.84,2.875,2.971,3.063
2019-10-29,2.847,2.881,2.974,3.067
2019-10-30,2.864,2.893,2.979,3.074
2019-10-31,2.887,2.903,2.983,3.076
2019-11-01,2.897,2.91,2.987,3.079
2019-11-04,2.919,2.929,2.995,3.084
2019-11-05,2.933,2.938,3.0,3.086
2019-11-06,2.948,2.955,3.005,3.088
2019-11-07,2.953,2.97,3.008,3.09
2019-11-08,2.953,2.984,3.012,3.093
2019-11-11,2.955,2.989,3.016,3.094
2019-11-12,2.965,2.996,3.024,3.099
2019-11-13,2.981,3.012,3.035,3.101
2019-11-14,3.0,3.032,3.051,3.108
2019-11-15,3.02,3.051,3.068,3.116
2019-11-18,3.032,3.055,3.073,3.119
2019-11-19,3.033,3.053,3.071,3.119
2019-11-20,3.032,3.051,3.071,3.125
2019-11-21,3.034,3.05,3.07,3.127
2019-11-22,3.037,3.05,3.067,3.121
2019-11-25,3.029,3.05,3.066,3.119
2019-11-26,3.02,3.047,3.067,3.118
2019-11-27,3.019,3.05,3.067,3.119
2019-11-28,3.016,3.05,3.069,3.119
2019-11-29,3.017,3.05,3.07,3.122
2019-12-02,3.017,3.05,3.071,3.122
2019-12-03,3.015,3.05,3.071,3.122
2019-12-04,3.019,3.05,3.072,3.121
2019-12-05,3.022,3.05,3.073,3.121
2019-12-06,3.0245,3.05,3.072,3.121
2019-12-09,3.025,3.05,3.074,3.123
2019-12-10,3.028,3.05,3.075,3.122
2019-12-11,3.03,3.05,3.076,3.123
2019-12-12,3.0305,3.05,3.079,3.122
2019-12-13,3.0325,3.051,3.081,3.122
2019-12-16,3.0324,3.0534,3.0824,3.122
2019-12-17,3.036,3.056,3.084,3.123
2019-12-18,3.04,3.059,3.087,3.124
2019-12-19,3.043,3.06,3.091,3.124
2019-12-20,3.041,3.059,3.088,3.122
2019-12-23,3.04,3.057,3.085,3.12
2019-12-24,3.0335,3.0555,3.0845,3.1145
2019-12-25,3.0325,3.054,3.0815,3.114
2019-12-26,3.0295,3.049,3.0785,3.111
2019-12-27,3.0255,3.048,3.077,3.105
2019-12-30,3.021,3.046,3.073,3.1015
2019-12-31,3.02,3.046,3.073,3.1005
2020-01-02,2.994,3.019,3.052,3.086
2020-01-03,2.96,2.995,3.028,3.071
2020-01-06,2.92,2.96,3.005,3.05
2020-01-07,2.899,2.943,2.992,3.04
2020-01-08,2.881,2.93,2.983,3.032
2020-01-09,2.867,2.921,2.974,3.021
2020-01-10,2.864,2.92,2.972,3.015
2020-01-13,2.858,2.915,2.966,3.014
2020-01-14,2.862,2.915,2.969,3.013
2020-01-15,2.865,2.918,2.97,3.012
2020-01-16,2.868,2.918,2.965,3.007
2020-01-17,2.868,2.918,2.965,3.005
2020-01-19,2.863,2.917,2.957,2.997
2020-01-20,2.86,2.914,2.954,2.997
2020-01-21,2.859,2.91,2.953,2.995
2020-01-22,2.858,2.912,2.95,2.995
2020-01-23,2.858,2.914,2.951,2.995
2020-02-03,2.852,2.903,2.94,2.98
2020-02-04,2.824,2.877,2.91,2.959
2020-02-05,2.799,2.853,2.894,2.936
2020-02-06,2.776,2.833,2.875,2.913
2020-02-07,2.753,2.81,2.843,2.897
2020-02-10,2.723,2.787,2.823,2.877
2020-02-11,2.679,2.758,2.801,2.856
2020-02-12,2.639,2.723,2.783,2.845
2020-02-13,2.605,2.691,2.763,2.834
2020-02-14,2.565,2.664,2.744,2.817
2020-02-17,2.545,2.651,2.727,2.807
2020-02-18,2.525,2.633,2.71,2.786
2020-02-19,2.51,2.618,2.704,2.773
2020-02-20,2.5,2.61,2.697,2.767
2020-02-21,2.489,2.605,2.692,2.76
2020-02-24,2.476,2.601,2.688,2.755
2020-02-25,2.459,2.59,2.673,2.752
2020-02-26,2.442,2.577,2.66,2.744
2020-02-27,2.433,2.564,2.648,2.74
2020-02-28,2.429,2.56,2.642,2.735
2020-03-02,2.408,2.548,2.635,2.722
2020-03-03,2.375,2.528,2.614,2.706
2020-03-04,2.332,2.499,2.581,2.679
2020-03-05,2.29,2.467,2.553,2.651
2020-03-06,2.258,2.427,2.516,2.616
2020-03-09,2.238,2.407,2.494,2.591
2020-03-10,2.225,2.391,2.481,2.586
2020-03-11,2.224,2.379,2.47,2.557
2020-03-12,2.223,2.365,2.45,2.534
2020-03-13,2.202,2.359,2.438,2.513
2020-03-16,2.175,2.33,2.418,2.491
2020-03-17,2.145,2.295,2.4,2.482
2020-03-18,2.12,2.263,2.387,2.464
2020-03-19,2.104,2.242,2.362,2.451
2020-03-20,2.087,2.218,2.342,2.438
2020-03-23,2.072,2.191,2.312,2.41
2020-03-24,2.056,2.17,2.293,2.392
2020-03-25,2.01,2.131,2.245,2.355
2020-03-26,1.977,2.091,2.216,2.324
2020-03-27,1.966,2.072,2.198,2.305
2020-03-30,1.948,2.051,2.159,2.274
2020-03-31,1.933,2.033,2.14,2.25
2020-04-01,1.918,2.015,2.123,2.226
2020-04-02,1.889,1.982,2.098,2.202
2020-04-03,1.844,1.956,2.075,2.165
2020-04-07,1.73,1.859,1.993,2.07
2020-04-08,1.647,1.759,1.87,1.951
2020-04-09,1.558,1.665,1.769,1.855
2020-04-10,1.507,1.606,1.702,1.794
2020-04-13,1.485,1.579,1.668,1.758
2020-04-14,1.46,1.556,1.644,1.733
2020-04-15,1.447,1.539,1.631,1.712
2020-04-16,1.428,1.516,1.603,1.694
2020-04-17,1.403,1.499,1.594,1.683
2020-04-20,1.394,1.482,1.578,1.674
2020-04-21,1.396,1.48,1.572,1.674
2020-04-22,1.391,1.484,1.578,1.676
2020-04-23,1.396,1.486,1.58,1.683
2020-04-24,1.396,1.486,1.582,1.683
2020-04-26,1.397,1.488,1.583,1.682
2020-04-27,1.397,1.487,1.58,1.682
2020-04-28,1.398,1.489,1.583,1.681
2020-04-29,1.399,1.49,1.585,1.681
2020-04-30,1.4,1.493,1.588,1.683
2020-05-06,1.4,1.492,1.589,1.684
2020-05-07,1.4,1.491,1.589,1.683
2020-05-08,1.4,1.491,1.589,1.683
2020-05-09,1.399,1.493,1.592,1.686
2020-05-11,1.398,1.493,1.594,1.69
2020-05-12,1.398,1.493,1.595,1.695
2020-05-13,1.398,1.493,1.597,1.696
2020-05-14,1.399,1.493,1.598,1.698
2020-05-15,1.399,1.493,1.599,1.7
2020-05-18,1.398,1.492,1.598,1.699
2020-05-19,1.399,1.492,1.598,1.698
2020-05-20,1.399,1.492,1.599,1.699
2020-05-21,1.4,1.493,1.6,1.701
2020-05-22,1.4,1.493,1.6,1.704
2020-05-25,1.4,1.497,1.6,1.71
2020-05-26,1.405,1.503,1.611,1.723
2020-05-27,1.415,1.518,1.626,1.739
2020-05-28,1.43,1.525,1.64,1.748
2020-05-29,1.453,1.552,1.667,1.774
2020-06-01,1.456,1.566,1.678,1.788
2020-06-02,1.462,1.575,1.69,1.801
2020-06-03,1.494,1.596,1.723,1.826
2020-06-04,1.536,1.619,1.745,1.851
2020-06-05,1.594,1.668,1.773,1.903
2020-06-08,1.658,1.737,1.83,1.957
2020-06-09,1.727,1.788,1.884,2.007
2020-06-10,1.816,1.861,1.947,2.053
2020-06-11,1.904,1.953,2.051,2.138
2020-06-12,1.956,2.004,2.106,2.189
2020-06-15,1.987,2.03,2.141,2.207
2020-06-16,2.019,2.062,2.166,2.23
2020-06-17,2.056,2.095,2.207,2.266
2020-06-18,2.078,2.115,2.223,2.285
2020-06-19,2.095,2.132,2.249,2.3
2020-06-22,2.097,2.142,2.253,2.308
2020-06-23,2.109,2.152,2.265,2.325
2020-06-24,2.121,2.16,2.28,2.344
2020-06-28,2.129,2.167,2.288,2.349
2020-06-29,2.127,2.166,2.29,2.35
2020-06-30,2.126,2.168,2.296,2.358
2020-07-01,2.122,2.178,2.299,2.361
2020-07-02,2.113,2.181,2.297,2.368
2020-07-03,2.105,2.186,2.301,2.376
2020-07-06,2.104,2.19,2.305,2.384
2020-07-07,2.103,2.196,2.318,2.392
2020-07-08,2.111,2.209,2.335,2.404
2020-07-09,2.122,2.222,2.353,2.42
2020-07-10,2.143,2.241,2.367,2.433
2020-07-13,2.163,2.264,2.385,2.455
2020-07-14,2.192,2.292,2.404,2.48
2020-07-15,2.241,2.334,2.438,2.516
2020-07-16,2.286,2.377,2.479,2.574
2020-07-17,2.356,2.441,2.542,2.637
2020-07-20,2.404,2.49,2.585,2.671
2020-07-21,2.466,2.565,2.651,2.727
2020-07-22,2.501,2.621,2.687,2.758
2020-07-23,2.541,2.654,2.709,2.783
2020-07-24,2.557,2.676,2.727,2.796
2020-07-27,2.574,2.69,2.738,2.804
2020-07-28,2.578,2.697,2.745,2.807
2020-07-29,2.586,2.7,2.752,2.815
2020-07-30,2.59,2.705,2.756,2.82
2020-07-31,2.593,2.709,2.76,2.828
2020-08-03,2.595,2.715,2.763,2.828
2020-08-04,2.598,2.733,2.778,2.837
2020-08-05,2.6,2.744,2.79,2.846
2020-08-06,2.6,2.749,2.797,2.85
2020-08-07,2.603,2.755,2.802,2.852
2020-08-10,2.601,2.755,2.803,2.853
2020-08-11,2.6,2.757,2.803,2.855
2020-08-12,2.601,2.764,2.809,2.862
2020-08-13,2.601,2.769,2.811,2.866
2020-08-14,2.601,2.778,2.814,2.872
2020-08-17,2.602,2.779,2.822,2.878
2020-08-18,2.6,2.788,2.831,2.886
2020-08-19,2.6,2.795,2.84,2.893
2020-08-20,2.601,2.8,2.845,2.896
2020-08-21,2.601,2.802,2.849,2.9
2020-08-24,2.604,2.81,2.853,2.901
2020-08-25,2.606,2.819,2.856,2.905
2020-08-26,2.612,2.82,2.859,2.907
2020-08-27,2.621,2.825,2.871,2.917
2020-08-28,2.63,2.834,2.883,2.922
2020-08-31,2.636,2.844,2.893,2.933
2020-09-01,2.64,2.847,2.901,2.942
2020-09-02,2.646,2.852,2.905,2.945
2020-09-03,2.654,2.863,2.914,2.951
2020-09-04,2.661,2.874,2.92,2.953
2020-09-07,2.676,2.887,2.93,2.965
2020-09-08,2.688,2.899,2.944,2.982
2020-09-09,2.693,2.91,2.953,2.988
2020-09-10,2.695,2.927,2.967,2.992
2020-09-11,2.697,2.936,2.975,2.999
2020-09-14,2.697,2.943,2.979,3.002
2020-09-15,2.696,2.946,2.978,3.003
2020-09-16,2.688,2.933,2.968,3.0
2020-09-17,2.686,2.927,2.964,3.0
2020-09-18,2.679,2.919,2.96,3.0
2020-09-21,2.673,2.912,2.955,3.001
2020-09-22,2.67,2.911,2.957,3.002
2020-09-23,2.67,2.914,2.959,3.002
2020-09-24,2.668,2.917,2.968,3.008
2020-09-25,2.668,2.915,2.973,3.009
2020-09-27,2.671,2.915,2.976,3.009
2020-09-28,2.673,2.914,2.978,3.01
2020-09-29,2.684,2.919,2.982,3.016
2020-09-30,2.691,2.919,2.988,3.021
2020-10-09,2.708,2.918,2.994,3.024
2020-10-10,2.715,2.919,2.998,3.028
2020-10-12,2.722,2.921,3.0,3.031
2020-10-13,2.734,2.926,3.005,3.039
2020-10-14,2.757,2.935,3.008,3.045
2020-10-15,2.774,2.944,3.015,3.057
2020-10-16,2.786,2.947,3.022,3.066
2020-10-19,2.803,2.95,3.029,3.074
2020-10-20,2.829,2.959,3.035,3.081
2020-10-21,2.855,2.973,3.052,3.09
2020-10-22,2.877,2.986,3.066,3.101
2020-10-23,2.895,2.999,3.078,3.116
2020-10-26,2.913,3.005,3.089,3.131
2020-10-27,2.933,3.014,3.099,3.146
2020-10-28,2.952,3.027,3.109,3.157
2020-10-29,2.96,3.035,3.123,3.167
2020-10-30,2.972,3.044,3.136,3.18
2020-11-02,2.982,3.048,3.145,3.187
2020-11-03,2.989,3.05,3.151,3.192
2020-11-04,2.993,3.052,3.153,3.194
2020-11-05,2.996,3.052,3.154,3.196
2020-11-06,3.001,3.052,3.153,3.199
2020-11-09,3.001,3.054,3.153,3.2
2020-11-10,3.002,3.055,3.154,3.201
2020-11-11,3.002,3.056,3.156,3.201
2020-11-12,3.002,3.057,3.161,3.204
2020-11-13,3.003,3.058,3.166,3.205
2020-11-16,3.002,3.058,3.169,3.207
2020-11-17,3.003,3.064,3.171,3.21
2020-11-18,3.009,3.074,3.178,3.22
2020-11-19,3.014,3.079,3.189,3.23
2020-11-20,3.021,3.092,3.196,3.242
2020-11-23,3.047,3.109,3.203,3.253
2020-11-24,3.069,3.124,3.207,3.255
2020-11-25,3.077,3.137,3.219,3.266
2020-11-26,3.113,3.164,3.235,3.278
2020-11-27,3.136,3.181,3.25,3.289
2020-11-30,3.123,3.183,3.246,3.291
2020-12-01,3.109,3.17,3.224,3.274
2020-12-02,3.103,3.163,3.216,3.265
2020-12-03,3.089,3.159,3.21,3.261
2020-12-04,3.083,3.156,3.2065,3.2578
2020-12-07,3.076,3.155,3.206,3.257
2020-12-08,3.073,3.155,3.206,3.259
2020-12-09,3.05,3.154,3.206,3.256
2020-12-10,3.024,3.142,3.2,3.247
2020-12-11,3.016,3.13,3.195,3.239
2020-12-14,3.0,3.1,3.187,3.231
2020-12-15,2.983,3.071,3.156,3.2
2020-12-16,2.952,3.024,3.112,3.149
2020-12-17,2.905,2.97,3.065,3.099
2020-12-18,2.855,2.922,3.03,3.066
2020-12-21,2.818,2.887,3.008,3.047
2020-12-22,2.796,2.868,2.992,3.04
2020-12-23,2.787,2.854,2.974,3.033
2020-12-24,2.776,2.849,2.962,3.029
2020-12-25,2.766,2.84,2.955,3.015
2020-12-28,2.761,2.838,2.948,3.009
2020-12-29,2.757,2.837,2.946,3.001
2020-12-30,2.755,2.837,2.946,3.0
2020-12-31,2.756,2.838,2.939,3.0
2021-01-04,2.746,2.829,2.926,2.993
2021-01-05,2.734,2.816,2.913,2.985
2021-01-06,2.707,2.792,2.889,2.962
2021-01-07,2.677,2.769,2.863,2.936
2021-01-08,2.645,2.738,2.837,2.91
2021-01-11,2.618,2.715,2.814,2.889
2021-01-12,2.599,2.703,2.802,2.88
2021-01-13,2.59,2.697,2.799,2.871
2021-01-14,2.582,2.697,2.797,2.864
2021-01-15,2.581,2.694,2.795,2.859
2021-01-18,2.578,2.69,2.793,2.857
2021-01-19,2.573,2.685,2.785,2.858
2021-01-20,2.575,2.688,2.789,2.866
2021-01-21,2.578,2.688,2.789,2.875
2021-01-22,2.578,2.688,2.789,2.883
2021-01-25,2.579,2.691,2.791,2.892
2021-01-26,2.589,2.699,2.802,2.906
2021-01-27,2.619,2.707,2.827,2.936
2021-01-28,2.705,2.756,2.859,2.962
2021-01-29,2.765,2.796,2.896,2.989
2021-02-01,2.773,2.802,2.902,2.998
2021-02-02,2.775,2.805,2.91,3.003
2021-02-03,2.776,2.807,2.916,3.002
2021-02-04,2.776,2.807,2.92,3.002
2021-02-05,2.779,2.807,2.932,3.007
2021-02-07,2.78,2.808,2.943,3.013
2021-02-08,2.791,2.828,2.95,3.024
2021-02-09,2.808,2.85,2.953,3.034
2021-02-10,2.812,2.862,2.953,3.038
2021-02-18,2.815,2.866,2.953,3.038
2021-02-19,2.824,2.876,2.966,3.052
2021-02-20,2.832,2.884,2.975,3.063
2021-02-22,2.845,2.895,2.988,3.076
2021-02-23,2.848,2.9,3.0,3.085
2021-02-24,2.843,2.902,3.007,3.094
2021-02-25,2.836,2.9,3.007,3.101
2021-02-26,2.833,2.9,3.007,3.104
2021-03-01,2.813,2.899,3.005,3.105
2021-03-02,2.804,2.899,3.005,3.106
2021-03-03,2.794,2.898,3.002,3.103
2021-03-04,2.781,2.893,3.001,3.104
2021-03-05,2.766,2.885,3.0,3.102
2021-03-08,2.749,2.879,3.0,3.102
2021-03-09,2.74,2.867,3.0,3.102
2021-03-10,2.737,2.86,3.0,3.102
2021-03-11,2.733,2.855,3.0,3.102
2021-03-12,2.719,2.848,3.0,3.101
2021-03-15,2.709,2.843,2.998,3.102
2021-03-16,2.705,2.836,2.999,3.102
2021-03-17,2.704,2.832,2.999,3.1
2021-03-18,2.703,2.831,2.993,3.1
2021-03-19,2.698,2.836,2.995,3.1
2021-03-22,2.694,2.832,2.993,3.097
2021-03-23,2.689,2.826,2.988,3.094
2021-03-24,2.681,2.815,2.983,3.09
2021-03-25,2.6685,2.809,2.976,3.089
2021-03-26,2.65,2.802,2.966,3.086
2021-03-29,2.642,2.802,2.951,3.083
2021-03-30,2.639,2.799,2.944,3.081
2021-03-31,2.635,2.798,2.941,3.08
2021-04-01,2.635,2.799,2.935,3.08
2021-04-02,2.634,2.799,2.93,3.079
2021-04-06,2.629,2.798,2.922,3.072
2021-04-07,2.62,2.796,2.917,3.068
2021-04-08,2.615,2.798,2.913,3.062
2021-04-09,2.612,2.795,2.911,3.059
2021-04-12,2.608,2.797,2.909,3.055
2021-04-13,2.605,2.798,2.903,3.051
2021-04-14,2.603,2.798,2.902,3.042
2021-04-15,2.602,2.798,2.9,3.037
2021-04-16,2.601,2.798,2.9,3.032
2021-04-19,2.6,2.798,2.9,3.026
2021-04-20,2.6,2.798,2.9,3.02
2021-04-21,2.6,2.794,2.9,3.009
2021-04-22,2.6,2.792,2.9,3.001
2021-04-23,2.6,2.792,2.9,3.0
2021-04-25,2.595,2.791,2.898,2.995
2021-04-26,2.594,2.792,2.896,2.987
2021-04-27,2.592,2.782,2.889,2.981
2021-04-28,2.592,2.768,2.884,2.98
2021-04-29,2.585,2.757,2.88,2.978
2021-04-30,2.58,2.752,2.879,2.972
2021-05-06,2.576,2.745,2.874,2.966
2021-05-07,2.569,2.742,2.865,2.959
2021-05-08,2.556,2.736,2.856,2.952
2021-05-10,2.542,2.728,2.848,2.947
2021-05-11,2.536,2.722,2.843,2.943
2021-05-12,2.532,2.719,2.843,2.938
2021-05-13,2.525,2.709,2.842,2.932
2021-05-14,2.521,2.705,2.842,2.931
2021-05-17,2.514,2.703,2.841,2.932
2021-05-18,2.51,2.702,2.841,2.93
2021-05-19,2.505,2.701,2.843,2.932
2021-05-20,2.497,2.69,2.843,2.931
2021-05-21,2.489,2.684,2.843,2.929
2021-05-24,2.49,2.675,2.842,2.925
2021-05-25,2.485,2.671,2.842,2.924
2021-05-26,2.479,2.67,2.841,2.921
2021-05-27,2.474,2.667,2.836,2.915
2021-05-28,2.476,2.663,2.834,2.912
2021-05-31,2.479,2.663,2.838,2.911
2021-06-01,2.478,2.659,2.84,2.91
2021-06-02,2.469,2.651,2.835,2.907
2021-06-03,2.454,2.641,2.829,2.899
2021-06-04,2.444,2.629,2.821,2.887
2021-06-07,2.446,2.626,2.822,2.887
2021-06-08,2.443,2.624,2.824,2.884
2021-06-09,2.442,2.618,2.826,2.884
2021-06-10,2.435,2.611,2.823,2.881
2021-06-11,2.434,2.61,2.824,2.883
2021-06-15,2.434,2.608,2.825,2.884
2021-06-16,2.439,2.605,2.826,2.886
2021-06-17,2.441,2.604,2.829,2.891
2021-06-18,2.444,2.606,2.83,2.895
2021-06-21,2.449,2.606,2.834,2.902
2021-06-22,2.457,2.608,2.838,2.905
2021-06-23,2.457,2.61,2.841,2.906
2021-06-24,2.455,2.611,2.84,2.907
2021-06-25,2.456,2.609,2.84,2.904
2021-06-28,2.457,2.607,2.84,2.904
2021-06-29,2.458,2.608,2.84,2.904
2021-06-30,2.458,2.609,2.841,2.904
2021-07-01,2.457,2.606,2.841,2.901
2021-07-02,2.449,2.605,2.841,2.899
2021-07-05,2.444,2.601,2.841,2.896
2021-07-06,2.442,2.601,2.841,2.898
2021-07-07,2.442,2.6,2.84,2.896
2021-07-08,2.435,2.594,2.823,2.872
2021-07-09,2.435,2.589,2.818,2.868
2021-07-12,2.428,2.577,2.804,2.858
2021-07-13,2.423,2.567,2.791,2.843
2021-07-14,2.414,2.552,2.785,2.833
2021-07-15,2.405,2.547,2.776,2.822
2021-07-16,2.404,2.543,2.769,2.814
2021-07-19,2.401,2.534,2.76,2.808
2021-07-20,2.402,2.528,2.754,2.805
2021-07-21,2.402,2.527,2.748,2.801
2021-07-22,2.402,2.526,2.746,2.799
2021-07-23,2.402,2.523,2.746,2.797
2021-07-26,2.402,2.523,2.746,2.793
2021-07-27,2.401,2.527,2.746,2.796
2021-07-28,2.401,2.528,2.747,2.796
2021-07-29,2.401,2.525,2.742,2.788
2021-07-30,2.401,2.525,2.74,2.789
2021-08-02,2.4,2.517,2.734,2.78
2021-08-03,2.394,2.511,2.726,2.766
2021-08-04,2.385,2.506,2.712,2.75
2021-08-05,2.373,2.494,2.698,2.736
2021-08-06,2.368,2.489,2.69,2.728
2021-08-09,2.36,2.485,2.683,2.72
2021-08-10,2.365,2.483,2.678,2.716
2021-08-11,2.363,2.482,2.674,2.713
2021-08-12,2.36,2.48,2.667,2.71
2021-08-13,2.359,2.479,2.666,2.71
2021-08-16,2.355,2.476,2.665,2.708
2021-08-17,2.355,2.476,2.663,2.704
2021-08-18,2.355,2.475,2.659,2.7
2021-08-19,2.354,2.474,2.656,2.7
2021-08-20,2.353,2.472,2.656,2.7
2021-08-23,2.353,2.471,2.656,2.7
2021-08-24,2.353,2.471,2.656,2.7
2021-08-25,2.354,2.471,2.651,2.7
2021-08-26,2.354,2.471,2.653,2.7
2021-08-27,2.354,2.471,2.652,2.7
2021-08-30,2.355,2.472,2.652,2.7
2021-08-31,2.357,2.473,2.652,2.7
2021-09-01,2.358,2.47,2.651,2.7
2021-09-02,2.356,2.47,2.646,2.699
2021-09-03,2.356,2.47,2.648,2.699
2021-09-06,2.355,2.469,2.649,2.698
2021-09-07,2.355,2.471,2.649,2.698
2021-09-08,2.357,2.468,2.649,2.699
2021-09-09,2.357,2.467,2.649,2.698
2021-09-10,2.357,2.467,2.649,2.698
2021-09-13,2.357,2.467,2.644,2.699
2021-09-14,2.361,2.468,2.649,2.699
2021-09-15,2.363,2.468,2.649,2.7
2021-09-16,2.365,2.466,2.649,2.7
2021-09-17,2.372,2.468,2.649,2.7
2021-09-18,2.378,2.469,2.649,2.7
2021-09-22,2.385,2.469,2.649,2.7
2021-09-23,2.39,2.469,2.649,2.7
2021-09-24,2.397,2.473,2.65,2.7
2021-09-26,2.404,2.479,2.65,2.701
2021-09-27,2.408,2.483,2.65,2.708
2021-09-28,2.417,2.485,2.653,2.713
2021-09-29,2.427,2.489,2.652,2.718
2021-09-30,2.431,2.489,2.655,2.722
2021-10-08,2.433,2.489,2.656,2.722
2021-10-09,2.425,2.486,2.653,2.716
2021-10-11,2.423,2.488,2.651,2.718
2021-10-12,2.423,2.492,2.651,2.716
2021-10-13,2.42,2.495,2.651,2.717
2021-10-14,2.423,2.498,2.653,2.725
2021-10-15,2.4222,2.498,2.653,2.7265
2021-10-18,2.422,2.5,2.654,2.734
2021-10-19,2.428,2.501,2.655,2.738
2021-10-20,2.431,2.504,2.657,2.746
2021-10-21,2.432,2.509,2.66,2.753
2021-10-22,2.434,2.511,2.663,2.758
2021-10-25,2.438,2.522,2.661,2.759
2021-10-26,2.443,2.525,2.664,2.766
2021-10-27,2.445,2.529,2.664,2.773
2021-10-28,2.448,2.533,2.666,2.778
2021-10-29,2.449,2.536,2.669,2.782
2021-11-01,2.449,2.537,2.671,2.783
2021-11-02,2.45,2.539,2.673,2.783
2021-11-03,2.452,2.541,2.675,2.784
2021-11-04,2.451,2.542,2.675,2.784
2021-11-05,2.451,2.542,2.673,2.78
2021-11-08,2.452,2.546,2.673,2.779
2021-11-09,2.454,2.55,2.673,2.774
2021-11-10,2.454,2.551,2.673,2.769
2021-11-11,2.454,2.554,2.673,2.768
2021-11-12,2.454,2.556,2.673,2.767
2021-11-15,2.46,2.563,2.674,2.763
2021-11-16,2.463,2.566,2.671,2.762
2021-11-17,2.467,2.572,2.671,2.759
2021-11-18,2.473,2.576,2.671,2.757
2021-11-19,2.475,2.577,2.673,2.756
2021-11-22,2.477,2.583,2.674,2.756
2021-11-23,2.48,2.586,2.675,2.757
2021-11-24,2.482,2.589,2.676,2.756
2021-11-25,2.484,2.592,2.677,2.756
2021-11-26,2.486,2.593,2.676,2.754
2021-11-29,2.489,2.594,2.676,2.752
2021-11-30,2.492,2.595,2.674,2.753
2021-12-01,2.494,2.597,2.667,2.752
2021-12-02,2.496,2.599,2.665,2.752
2021-12-03,2.499,2.6,2.666,2.751
2021-12-06,2.492,2.594,2.66,2.746
2021-12-07,2.488,2.586,2.658,2.743
2021-12-08,2.489,2.583,2.655,2.74
2021-12-09,2.49,2.585,2.657,2.738
2021-12-10,2.492,2.587,2.657,2.736
2021-12-13,2.493,2.587,2.657,2.737
2021-12-14,2.493,2.587,2.657,2.736
2021-12-15,2.493,2.587,2.657,2.736
2021-12-16,2.491,2.587,2.657,2.736
2021-12-17,2.492,2.587,2.656,2.735
2021-12-20,2.492,2.588,2.658,2.735
2021-12-21,2.493,2.59,2.66,2.738
2021-12-22,2.494,2.591,2.66,2.739
2021-12-23,2.496,2.591,2.661,2.738
2021-12-24,2.5,2.592,2.663,2.737
2021-12-27,2.5,2.591,2.662,2.737
2021-12-28,2.5,2.591,2.662,2.738
2021-12-29,2.5,2.591,2.661,2.737
2021-12-30,2.501,2.592,2.66,2.737
2021-12-31,2.5,2.59,2.66,2.736
2022-01-04,2.5,2.589,2.659,2.736
2022-01-05,2.5,2.588,2.658,2.737
2022-01-06,2.5,2.584,2.657,2.734
2022-01-07,2.5,2.578,2.656,2.729
2022-01-10,2.5,2.575,2.654,2.726
2022-01-11,2.5,2.574,2.65,2.726
2022-01-12,2.5,2.57,2.65,2.724
2022-01-13,2.5,2.569,2.65,2.721
2022-01-14,2.5,2.564,2.65,2.718
2022-01-17,2.499,2.555,2.645,2.711
2022-01-18,2.493,2.548,2.64,2.706
2022-01-19,2.483,2.534,2.63,2.696
2022-01-20,2.471,2.526,2.623,2.686
2022-01-21,2.466,2.521,2.619,2.682
2022-01-24,2.465,2.517,2.613,2.678
2022-01-25,2.464,2.513,2.605,2.674
2022-01-26,2.46,2.508,2.602,2.668
2022-01-27,2.457,2.504,2.599,2.664
2022-01-28,2.457,2.5,2.595,2.66
2022-01-29,2.456,2.498,2.594,2.659
2022-01-30,2.456,2.498,2.589,2.658
2022-02-07,2.454,2.498,2.588,2.657
2022-02-08,2.448,2.496,2.585,2.655
2022-02-09,2.447,2.495,2.584,2.654
2022-02-10,2.442,2.49,2.571,2.639
2022-02-11,2.432,2.483,2.563,2.629
2022-02-14,2.424,2.476,2.554,2.62
2022-02-15,2.415,2.471,2.545,2.613
2022-02-16,2.41,2.466,2.54,2.604
2022-02-17,2.406,2.463,2.534,2.596
2022-02-18,2.4,2.457,2.524,2.586
2022-02-21,2.392,2.453,2.515,2.579
2022-02-22,2.385,2.45,2.511,2.573
2022-02-23,2.383,2.449,2.509,2.569
2022-02-24,2.379,2.448,2.508,2.567
2022-02-25,2.374,2.448,2.507,2.57
2022-02-28,2.37,2.447,2.506,2.565
2022-03-01,2.366,2.445,2.504,2.566
2022-03-02,2.365,2.446,2.502,2.563
2022-03-03,2.363,2.448,2.501,2.566
2022-03-04,2.362,2.449,2.5,2.566
2022-03-07,2.36,2.45,2.501,2.566
2022-03-08,2.361,2.45,2.502,2.568
2022-03-09,2.359,2.45,2.502,2.571
2022-03-10,2.362,2.45,2.502,2.575
2022-03-11,2.362,2.45,2.503,2.578
2022-03-14,2.362,2.45,2.503,2.579
2022-03-15,2.363,2.45,2.503,2.581
2022-03-16,2.366,2.451,2.504,2.586
2022-03-17,2.367,2.451,2.504,2.593
2022-03-18,2.368,2.451,2.505,2.594
2022-03-21,2.368,2.451,2.506,2.595
2022-03-22,2.369,2.451,2.509,2.6
2022-03-23,2.368,2.451,2.509,2.601
2022-03-24,2.369,2.452,2.509,2.601
2022-03-25,2.369,2.452,2.509,2.603
2022-03-28,2.37,2.451,2.51,2.604
2022-03-29,2.372,2.452,2.511,2.605
2022-03-30,2.371,2.451,2.511,2.606
2022-03-31,2.373,2.452,2.513,2.606
2022-04-01,2.372,2.452,2.513,2.606
2022-04-02,2.37,2.451,2.509,2.606
2022-04-06,2.37,2.451,2.508,2.605
2022-04-07,2.36,2.443,2.505,2.593
2022-04-08,2.363,2.444,2.506,2.586
2022-04-11,2.357,2.441,2.5,2.582
2022-04-12,2.351,2.437,2.496,2.577
2022-04-13,2.347,2.434,2.493,2.575
2022-04-14,2.343,2.429,2.488,2.572
2022-04-15,2.336,2.421,2.482,2.567
2022-04-18,2.331,2.418,2.476,2.562
2022-04-19,2.327,2.415,2.472,2.558
2022-04-20,2.323,2.411,2.465,2.555
2022-04-21,2.313,2.407,2.461,2.549
2022-04-22,2.305,2.398,2.451,2.54
2022-04-24,2.274,2.38,2.436,2.53
2022-04-25,2.262,2.368,2.424,2.516
2022-04-26,2.252,2.355,2.413,2.507
2022-04-27,2.242,2.346,2.404,2.497
2022-04-28,2.231,2.334,2.393,2.484
2022-04-29,2.217,2.324,2.384,2.474
2022-05-05,2.209,2.317,2.381,2.474
2022-05-06,2.202,2.311,2.376,2.468
2022-05-07,2.195,2.308,2.371,2.462
2022-05-09,2.186,2.304,2.364,2.45
2022-05-10,2.181,2.3,2.356,2.442
2022-05-11,2.173,2.289,2.35,2.431
2022-05-12,2.166,2.275,2.341,2.42
2022-05-13,2.155,2.264,2.33,2.408
2022-05-16,2.145,2.255,2.313,2.393
2022-05-17,2.109,2.239,2.301,2.377
2022-05-18,2.078,2.222,2.288,2.359
2022-05-19,2.067,2.208,2.275,2.343
2022-05-20,2.05,2.186,2.261,2.337
2022-05-23,2.021,2.167,2.254,2.331
2022-05-24,2.013,2.151,2.242,2.323
2022-05-25,2.009,2.143,2.243,2.326
2022-05-26,1.99,2.136,2.243,2.325
2022-05-27,1.995,2.13,2.239,2.323
2022-05-30,1.997,2.126,2.236,2.319
2022-05-31,1.998,2.129,2.238,2.318
2022-06-01,1.998,2.13,2.238,2.317
2022-06-02,1.999,2.133,2.241,2.323
2022-06-06,2.001,2.134,2.245,2.332
2022-06-07,2.003,2.138,2.261,2.349
2022-06-08,2.003,2.144,2.268,2.357
2022-06-09,2.003,2.145,2.275,2.365
2022-06-10,2.0,2.148,2.282,2.369
2022-06-13,2.002,2.15,2.282,2.373
2022-06-14,2.002,2.15,2.285,2.377
2022-06-15,2.002,2.15,2.292,2.381
2022-06-16,2.0,2.146,2.293,2.381
2022-06-17,2.0,2.14,2.291,2.378
2022-06-20,2.0,2.136,2.291,2.374
2022-06-21,2.0,2.136,2.291,2.372
2022-06-22,2.0,2.137,2.291,2.369
2022-06-23,2.0,2.137,2.291,2.367
2022-06-24,2.0,2.138,2.287,2.364
2022-06-27,2.0,2.139,2.288,2.36
2022-06-28,2.0,2.139,2.288,2.363
2022-06-29,2.0,2.141,2.288,2.362
2022-06-30,2.0,2.141,2.289,2.363
2022-07-01,2.0,2.14,2.289,2.363
2022-07-04,2.0,2.137,2.288,2.36
2022-07-05,2.0,2.139,2.287,2.359
2022-07-06,1.998,2.135,2.283,2.355
2022-07-07,1.995,2.133,2.281,2.354
2022-07-08,1.9925,2.13,2.28,2.349
2022-07-11,1.9895,2.128,2.278,2.346
2022-07-12,1.9855,2.126,2.273,2.344
2022-07-13,1.9835,2.122,2.266,2.337
2022-07-14,1.979,2.118,2.261,2.333
2022-07-15,1.977,2.116,2.256,2.326
2022-07-18,1.974,2.113,2.251,2.322
2022-07-19,1.948,2.091,2.236,2.31
2022-07-20,1.924,2.07,2.22,2.298
2022-07-21,1.909,2.054,2.203,2.284
2022-07-22,1.893,2.038,2.184,2.266
2022-07-25,1.881,2.03,2.173,2.256
2022-07-26,1.872,2.021,2.166,2.246
2022-07-27,1.863,2.012,2.157,2.236
2022-07-28,1.854,2.004,2.144,2.226
2022-07-29,1.846,1.996,2.131,2.218
2022-08-01,1.825,1.982,2.109,2.193
2022-08-02,1.799,1.942,2.066,2.151
2022-08-03,1.767,1.911,2.028,2.119
2022-08-04,1.729,1.879,1.989,2.079
2022-08-05,1.699,1.838,1.95,2.043
2022-08-08,1.667,1.8,1.916,2.013
2022-08-09,1.647,1.784,1.894,1.997
2022-08-10,1.637,1.771,1.88,1.988
2022-08-11,1.629,1.766,1.888,1.99
2022-08-12,1.622,1.763,1.889,1.995
2022-08-15,1.607,1.75,1.873,1.978
2022-08-16,1.599,1.744,1.864,1.965
2022-08-17,1.598,1.742,1.859,1.964
2022-08-18,1.598,1.743,1.859,1.961
2022-08-19,1.597,1.741,1.857,1.961
2022-08-22,1.5956,1.7367,1.8556,1.96
2022-08-23,1.594,1.736,1.856,1.959
2022-08-24,1.593,1.737,1.857,1.96
2022-08-25,1.593,1.739,1.861,1.963
2022-08-26,1.594,1.744,1.868,1.969
2022-08-29,1.596,1.747,1.871,1.973
2022-08-30,1.599,1.75,1.873,1.973
2022-08-31,1.6,1.75,1.874,1.974
2022-09-01,1.6,1.75,1.873,1.972
2022-09-02,1.6,1.75,1.87,1.97
2022-09-05,1.6,1.75,1.87,1.971
2022-09-06,1.6,1.75,1.87,1.971
2022-09-07,1.6,1.75,1.87,1.971
2022-09-08,1.601,1.75,1.87,1.971
2022-09-09,1.6,1.75,1.87,1.969
2022-09-13,1.599,1.751,1.872,1.972
2022-09-14,1.599,1.752,1.874,1.974
2022-09-15,1.599,1.751,1.873,1.974
2022-09-16,1.599,1.752,1.876,1.977
2022-09-19,1.601,1.76,1.885,1.984
2022-09-20,1.606,1.768,1.894,1.99
2022-09-21,1.607,1.777,1.897,1.996
2022-09-22,1.609,1.779,1.899,1.996
2022-09-23,1.612,1.781,1.9,1.995
2022-09-26,1.621,1.791,1.904,1.995
2022-09-27,1.634,1.792,1.912,2.0
2022-09-28,1.652,1.796,1.922,2.006
2022-09-29,1.666,1.799,1.929,2.011
2022-09-30,1.673,1.8,1.931,2.016
2022-10-08,1.676,1.801,1.925,2.009
2022-10-09,1.674,1.802,1.922,2.006
2022-10-10,1.679,1.804,1.919,2.004
2022-10-11,1.678,1.804,1.918,2.004
2022-10-12,1.671,1.803,1.918,2.002
2022-10-13,1.677,1.804,1.92,2.003
2022-10-14,1.68,1.806,1.922,2.003
2022-10-17,1.684,1.81,1.925,2.004
2022-10-18,1.686,1.812,1.927,2.004
2022-10-19,1.691,1.815,1.933,2.005
2022-10-20,1.697,1.825,1.935,2.008
2022-10-21,1.702,1.836,1.949,2.014
2022-10-24,1.71,1.845,1.956,2.02
2022-10-25,1.724,1.858,1.966,2.027
2022-10-26,1.734,1.867,1.974,2.034
2022-10-27,1.741,1.874,1.977,2.036
2022-10-28,1.743,1.877,1.978,2.036
2022-10-31,1.745,1.881,1.978,2.037
2022-11-01,1.75,1.884,1.98,2.038
2022-11-02,1.752,1.884,1.983,2.039
2022-11-03,1.752,1.884,1.982,2.04
2022-11-04,1.754,1.884,1.989,2.043
2022-11-07,1.769,1.891,1.997,2.049
2022-11-08,1.781,1.896,2.002,2.054
2022-11-09,1.807,1.908,2.006,2.062
2022-11-10,1.838,1.916,2.02,2.076
2022-11-11,1.868,1.924,2.041,2.092
2022-11-14,1.912,1.948,2.071,2.133
2022-11-15,2.009,2.043,2.153,2.224
2022-11-16,2.116,2.164,2.264,2.349
2022-11-17,2.213,2.276,2.366,2.436
2022-11-18,2.238,2.311,2.384,2.449
2022-11-21,2.241,2.34,2.399,2.463
2022-11-22,2.248,2.356,2.414,2.476
2022-11-23,2.25,2.36,2.423,2.482
2022-11-24,2.195,2.316,2.378,2.437
2022-11-25,2.188,2.302,2.363,2.419
2022-11-28,2.185,2.298,2.358,2.417
2022-11-29,2.186,2.302,2.359,2.423
2022-11-30,2.193,2.305,2.364,2.435
2022-12-01,2.197,2.308,2.37,2.445
2022-12-02,2.2,2.316,2.377,2.454
2022-12-05,2.201,2.327,2.384,2.46
2022-12-06,2.207,2.335,2.39,2.465
2022-12-07,2.231,2.353,2.405,2.476
2022-12-08,2.25,2.3695,2.419,2.488
2022-12-09,2.259,2.379,2.429,2.5
2022-12-12,2.273,2.392,2.44,2.514
2022-12-13,2.283,2.403,2.459,2.532
2022-12-14,2.298,2.412,2.472,2.547
2022-12-15,2.321,2.434,2.49,2.569
2022-12-16,2.339,2.45,2.508,2.587
2022-12-19,2.355,2.458,2.517,2.596
2022-12-20,2.361,2.461,2.52,2.603
2022-12-21,2.384,2.471,2.531,2.613
2022-12-22,2.395,2.48,2.537,2.617
2022-12-23,2.402,2.489,2.546,2.626
2022-12-26,2.405,2.494,2.55,2.623
2022-12-27,2.411,2.498,2.554,2.62
2022-12-28,2.416,2.504,2.558,2.62
2022-12-29,2.418,2.505,2.561,2.619
2022-12-30,2.422,2.508,2.565,2.619
2023-01-03,2.415,2.503,2.559,2.611
2023-01-04,2.38,2.468,2.528,2.577
2023-01-05,2.352,2.435,2.491,2.542
2023-01-06,2.335,2.411,2.468,2.523
2023-01-09,2.331,2.406,2.456,2.518
2023-01-10,2.338,2.414,2.465,2.523
2023-01-11,2.347,2.428,2.476,2.54
2023-01-12,2.353,2.435,2.486,2.55
2023-01-13,2.353,2.441,2.492,2.553
2023-01-16,2.356,2.447,2.5,2.559
2023-01-17,2.366,2.458,2.516,2.571
2023-01-18,2.374,2.467,2.528,2.579
2023-01-19,2.376,2.472,2.534,2.584
2023-01-20,2.377,2.472,2.535,2.583
2023-01-28,2.373,2.467,2.535,2.581
2023-01-29,2.367,2.466,2.532,2.577
2023-01-30,2.365,2.466,2.531,2.578
2023-01-31,2.364,2.466,2.532,2.58
2023-02-01,2.362,2.469,2.534,2.581
2023-02-02,2.36,2.469,2.542,2.584
2023-02-03,2.357,2.466,2.549,2.59
2023-02-06,2.359,2.472,2.56,2.597
2023-02-07,2.36,2.473,2.568,2.605
2023-02-08,2.365,2.476,2.573,2.613
2023-02-09,2.37,2.483,2.577,2.618
2023-02-10,2.371,2.487,2.579,2.621
2023-02-13,2.371,2.49,2.581,2.621
2023-02-14,2.373,2.493,2.583,2.623
2023-02-15,2.379,2.495,2.583,2.624
2023-02-16,2.383,2.499,2.584,2.626
2023-02-17,2.385,2.5,2.589,2.635
2023-02-20,2.392,2.5,2.593,2.643
2023-02-21,2.397,2.505,2.595,2.648
2023-02-22,2.403,2.511,2.599,2.66
2023-02-23,2.406,2.518,2.602,2.668
2023-02-24,2.416,2.528,2.612,2.68
2023-02-27,2.423,2.535,2.621,2.692
2023-02-28,2.437,2.55,2.629,2.704
2023-03-01,2.45,2.559,2.636,2.711
2023-03-02,2.459,2.567,2.642,2.718
2023-03-03,2.466,2.574,2.647,2.725
2023-03-06,2.469,2.578,2.65,2.732
2023-03-07,2.476,2.584,2.654,2.738
2023-03-08,2.486,2.588,2.659,2.745
2023-03-09,2.491,2.594,2.667,2.75
2023-03-10,2.497,2.596,2.67,2.75
2023-03-13,2.498,2.598,2.671,2.749
2023-03-14,2.499,2.598,2.672,2.746
2023-03-15,2.5,2.598,2.673,2.745
2023-03-16,2.5,2.6,2.669,2.744
2023-03-17,2.5,2.598,2.664,2.74
2023-03-20,2.492,2.582,2.646,2.723
2023-03-21,2.487,2.566,2.63,2.699
2023-03-22,2.479,2.557,2.621,2.687
2023-03-23,2.476,2.554,2.614,2.683
2023-03-24,2.473,2.548,2.606,2.678
2023-03-27,2.468,2.547,2.606,2.676
2023-03-28,2.464,2.544,2.604,2.674
2023-03-29,2.456,2.542,2.601,2.671
2023-03-30,2.454,2.541,2.6,2.667
2023-03-31,2.448,2.539,2.599,2.666
2023-04-03,2.429,2.522,2.593,2.66
2023-04-04,2.423,2.516,2.587,2.654
2023-04-06,2.414,2.511,2.586,2.648
2023-04-07,2.41,2.507,2.586,2.649
2023-04-10,2.414,2.508,2.587,2.65
2023-04-11,2.415,2.508,2.587,2.65
2023-04-12,2.418,2.509,2.587,2.65
2023-04-13,2.421,2.509,2.588,2.65
2023-04-14,2.422,2.508,2.588,2.65
2023-04-17,2.424,2.509,2.589,2.649
2023-04-18,2.426,2.511,2.59,2.65
2023-04-19,2.432,2.512,2.59,2.65
2023-04-20,2.429,2.507,2.589,2.649
2023-04-21,2.429,2.507,2.589,2.649
2023-04-23,2.429,2.507,2.59,2.649
2023-04-24,2.43,2.506,2.59,2.649
2023-04-25,2.43,2.507,2.59,2.649
2023-04-26,2.43,2.507,2.59,2.649
2023-04-27,2.43,2.506,2.589,2.648
2023-04-28,2.428,2.506,2.587,2.645
2023-05-04,2.414,2.501,2.582,2.636
2023-05-05,2.401,2.491,2.564,2.618
2023-05-06,2.393,2.481,2.548,2.603
2023-05-08,2.386,2.47,2.54,2.596
2023-05-09,2.377,2.462,2.529,2.583
2023-05-10,2.363,2.452,2.521,2.569
2023-05-11,2.349,2.439,2.502,2.548
2023-05-12,2.325,2.427,2.487,2.524
2023-05-15,2.311,2.419,2.474,2.508
2023-05-16,2.294,2.41,2.462,2.496
2023-05-17,2.288,2.403,2.454,2.49
2023-05-18,2.278,2.392,2.447,2.49
2023-05-19,2.269,2.39,2.445,2.489
2023-05-22,2.262,2.379,2.442,2.489
2023-05-23,2.255,2.372,2.438,2.484
2023-05-24,2.252,2.366,2.438,2.481
2023-05-25,2.243,2.364,2.436,2.478
2023-05-26,2.238,2.358,2.434,2.478
2023-05-29,2.233,2.355,2.425,2.474
2023-05-30,2.223,2.346,2.417,2.468
2023-05-31,2.219,2.343,2.409,2.464
2023-06-01,2.213,2.33,2.397,2.453
2023-06-02,2.199,2.307,2.379,2.435
2023-06-05,2.193,2.297,2.369,2.427
2023-06-06,2.186,2.291,2.365,2.422
2023-06-07,2.181,2.284,2.354,2.414
2023-06-08,2.177,2.277,2.348,2.409
2023-06-09,2.161,2.266,2.338,2.404
2023-06-12,2.148,2.257,2.33,2.397
2023-06-13,2.134,2.243,2.318,2.381
2023-06-14,2.12,2.229,2.298,2.363
2023-06-15,2.106,2.22,2.285,2.346
2023-06-16,2.105,2.215,2.285,2.348
2023-06-19,2.114,2.214,2.295,2.354
2023-06-20,2.126,2.213,2.301,2.357
2023-06-21,2.135,2.211,2.304,2.36
2023-06-25,2.144,2.214,2.305,2.36
2023-06-26,2.148,2.219,2.312,2.366
2023-06-27,2.155,2.228,2.317,2.374
2023-06-28,2.161,2.236,2.322,2.376
2023-06-29,2.167,2.243,2.326,2.38
2023-06-30,2.168,2.242,2.325,2.379
2023-07-03,2.165,2.24,2.326,2.377
2023-07-04,2.164,2.239,2.326,2.377
2023-07-05,2.158,2.237,2.323,2.375
2023-07-06,2.147,2.228,2.313,2.368
2023-07-07,2.138,2.221,2.307,2.36
2023-07-10,2.128,2.215,2.304,2.352
2023-07-11,2.118,2.212,2.299,2.349
2023-07-12,2.109,2.208,2.296,2.345
2023-07-13,2.107,2.206,2.293,2.341
2023-07-14,2.101,2.205,2.289,2.342
2023-07-17,2.1,2.207,2.288,2.341
2023-07-18,2.1,2.207,2.286,2.34
2023-07-19,2.1,2.207,2.286,2.34
2023-07-20,2.1,2.206,2.286,2.34
2023-07-21,2.1,2.205,2.286,2.339
2023-07-24,2.1,2.202,2.285,2.338
2023-07-25,2.1,2.201,2.284,2.338
2023-07-26,2.099,2.199,2.282,2.338
2023-07-27,2.098,2.199,2.28,2.338
2023-07-28,2.098,2.199,2.28,2.337
2023-07-31,2.097,2.198,2.28,2.337
2023-08-01,2.098,2.198,2.28,2.337
2023-08-02,2.098,2.196,2.278,2.335
2023-08-03,2.092,2.193,2.275,2.331
2023-08-04,2.085,2.187,2.271,2.325
2023-08-07,2.08,2.183,2.265,2.322
2023-08-08,2.075,2.177,2.258,2.316
2023-08-09,2.074,2.174,2.255,2.314
2023-08-10,2.067,2.169,2.252,2.308
2023-08-11,2.065,2.166,2.248,2.306
2023-08-14,2.063,2.164,2.243,2.304
2023-08-15,2.045,2.147,2.225,2.29
2023-08-16,2.04,2.139,2.22,2.285
2023-08-17,2.03,2.132,2.214,2.28
2023-08-18,2.026,2.125,2.208,2.273
2023-08-21,2.024,2.123,2.206,2.268
2023-08-22,2.019,2.119,2.205,2.263
2023-08-23,2.016,2.118,2.204,2.258
2023-08-24,2.016,2.118,2.2,2.256
2023-08-25,2.014,2.119,2.2,2.257
2023-08-28,2.02,2.13,2.207,2.262
2023-08-29,2.028,2.139,2.22,2.27
2023-08-30,2.036,2.145,2.227,2.276
2023-08-31,2.043,2.15,2.234,2.28
2023-09-01,2.044,2.151,2.236,2.283
2023-09-04,2.044,2.151,2.239,2.285
2023-09-05,2.046,2.151,2.24,2.287
2023-09-06,2.052,2.153,2.242,2.295
2023-09-07,2.067,2.17,2.252,2.304
2023-09-08,2.081,2.181,2.261,2.309
2023-09-11,2.094,2.19,2.27,2.321
2023-09-12,2.104,2.203,2.278,2.331
2023-09-13,2.117,2.211,2.285,2.339
2023-09-14,2.144,2.223,2.294,2.347
2023-09-15,2.165,2.239,2.305,2.361
2023-09-18,2.194,2.258,2.323,2.374
2023-09-19,2.221,2.274,2.338,2.388
2023-09-20,2.243,2.288,2.351,2.402
2023-09-21,2.26,2.303,2.359,2.409
2023-09-22,2.273,2.312,2.366,2.412
2023-09-25,2.282,2.32,2.374,2.416
2023-09-26,2.294,2.335,2.386,2.432
2023-09-27,2.303,2.353,2.399,2.44
2023-09-28,2.302,2.356,2.402,2.446
2023-10-07,2.3,2.357,2.401,2.446
2023-10-08,2.3,2.357,2.401,2.447
2023-10-09,2.3,2.357,2.402,2.447
2023-10-10,2.302,2.36,2.408,2.452
2023-10-11,2.304,2.364,2.416,2.457
2023-10-12,2.305,2.368,2.423,2.463
2023-10-13,2.308,2.38,2.428,2.466
2023-10-16,2.309,2.387,2.432,2.474
2023-10-17,2.313,2.394,2.44,2.482
2023-10-18,2.321,2.403,2.451,2.49
2023-10-19,2.333,2.411,2.458,2.497
2023-10-20,2.34,2.417,2.464,2.502
2023-10-23,2.35,2.427,2.468,2.504
2023-10-24,2.364,2.439,2.476,2.507
2023-10-25,2.378,2.451,2.487,2.512
2023-10-26,2.39,2.454,2.489,2.512
2023-10-27,2.399,2.457,2.492,2.515
2023-10-30,2.406,2.466,2.498,2.523
2023-10-31,2.415,2.475,2.504,2.53
2023-11-01,2.421,2.481,2.505,2.536
2023-11-02,2.426,2.485,2.51,2.541
2023-11-03,2.43,2.491,2.514,2.543
2023-11-06,2.438,2.495,2.516,2.544
2023-11-07,2.445,2.501,2.521,2.546
2023-11-08,2.449,2.503,2.523,2.552
2023-11-09,2.45,2.508,2.527,2.553
2023-11-10,2.451,2.514,2.537,2.56
2023-11-13,2.451,2.512,2.538,2.561
2023-11-14,2.452,2.513,2.541,2.562
2023-11-15,2.453,2.514,2.542,2.562
2023-11-16,2.457,2.516,2.541,2.562
2023-11-17,2.4611,2.52,2.5422,2.5622
2023-11-20,2.461,2.52,2.541,2.561
2023-11-21,2.461,2.521,2.541,2.561
2023-11-22,2.462,2.521,2.542,2.562
2023-11-23,2.462,2.521,2.541,2.561
2023-11-24,2.462,2.521,2.541,2.561
2023-11-27,2.463,2.523,2.543,2.563
2023-11-28,2.465,2.524,2.544,2.564
2023-11-29,2.481,2.525,2.544,2.564
2023-11-30,2.493,2.527,2.544,2.564
2023-12-01,2.503,2.53,2.545,2.565
2023-12-04,2.519,2.539,2.548,2.567
2023-12-05,2.533,2.55,2.554,2.571
2023-12-06,2.537,2.561,2.561,2.577
2023-12-07,2.554,2.581,2.578,2.6
2023-12-08,2.564,2.596,2.594,2.621
2023-12-11,2.572,2.607,2.605,2.635
2023-12-12,2.585,2.616,2.612,2.644
2023-12-13,2.593,2.626,2.618,2.647
2023-12-14,2.597,2.626,2.621,2.649
2023-12-15,2.601,2.626,2.621,2.649
2023-12-18,2.603,2.626,2.624,2.649
2023-12-19,2.601,2.627,2.626,2.65
2023-12-20,2.601,2.627,2.629,2.65
2023-12-21,2.604,2.632,2.637,2.651
2023-12-22,2.604,2.632,2.64,2.652
2023-12-25,2.601,2.633,2.641,2.65
2023-12-26,2.6,2.629,2.639,2.649
2023-12-27,2.59,2.613,2.626,2.641
2023-12-28,2.556,2.586,2.596,2.611
2023-12-29,2.53,2.555,2.565,2.581
2024-01-02,2.45,2.498,2.515,2.532
2024-01-03,2.423,2.479,2.497,2.509
2024-01-04,2.399,2.456,2.48,2.496
2024-01-05,2.396,2.448,2.472,2.491
2024-01-08,2.396,2.444,2.46,2.485
2024-01-09,2.397,2.438,2.457,2.48
2024-01-10,2.4,2.434,2.454,2.477
2024-01-11,2.4,2.43,2.45,2.476
2024-01-12,2.4,2.429,2.448,2.475
2024-01-15,2.4,2.43,2.449,2.472
2024-01-16,2.401,2.43,2.448,2.469
2024-01-17,2.402,2.43,2.45,2.47
2024-01-18,2.4,2.43,2.448,2.469
2024-01-19,2.4,2.43,2.448,2.469
2024-01-22,2.4,2.43,2.448,2.468
2024-01-23,2.4,2.429,2.448,2.468
2024-01-24,2.4,2.43,2.449,2.468
2024-01-25,2.4,2.43,2.449,2.468
2024-01-26,2.4,2.43,2.446,2.466
2024-01-29,2.4,2.43,2.447,2.466
2024-01-30,2.398,2.425,2.44,2.459
2024-01-31,2.388,2.412,2.429,2.449
2024-02-01,2.375,2.407,2.422,2.443
2024-02-02,2.369,2.402,2.412,2.431
2024-02-04,2.363,2.396,2.406,2.425
2024-02-05,2.35,2.39,2.403,2.416
2024-02-06,2.345,2.382,2.395,2.409
2024-02-07,2.342,2.374,2.389,2.403
2024-02-08,2.334,2.364,2.383,2.397
2024-02-09,2.33,2.358,2.377,2.396
2024-02-18,2.318,2.349,2.367,2.386
2024-02-19,2.303,2.342,2.363,2.383
2024-02-20,2.27,2.326,2.344,2.366
2024-02-21,2.243,2.309,2.325,2.348
2024-02-22,2.219,2.292,2.311,2.332
2024-02-23,2.214,2.283,2.304,2.322
2024-02-26,2.208,2.275,2.296,2.314
2024-02-27,2.204,2.271,2.293,2.308
2024-02-28,2.1989,2.2656,2.2878,2.3044
2024-02-29,2.193,2.26,2.284,2.3
2024-03-01,2.182,2.246,2.271,2.29
2024-03-04,2.171,2.232,2.258,2.278
2024-03-05,2.167,2.222,2.254,2.275
2024-03-06,2.165,2.216,2.252,2.273
2024-03-07,2.164,2.211,2.249,2.266
2024-03-08,2.16,2.207,2.247,2.26
2024-03-11,2.159,2.206,2.246,2.257
2024-03-12,2.158,2.207,2.247,2.261
2024-03-13,2.159,2.207,2.25,2.268
2024-03-14,2.161,2.21,2.251,2.273
2024-03-15,2.163,2.211,2.25,2.274
2024-03-18,2.163,2.214,2.25,2.274
2024-03-19,2.163,2.213,2.249,2.273
2024-03-20,2.16,2.208,2.246,2.27
2024-03-21,2.162,2.206,2.244,2.267
2024-03-22,2.163,2.205,2.239,2.2655
2024-03-25,2.159,2.206,2.239,2.266
2024-03-26,2.16,2.206,2.24,2.266
2024-03-27,2.159,2.205,2.238,2.266
2024-03-28,2.156,2.206,2.238,2.267
2024-03-29,2.156,2.203,2.238,2.268
2024-04-01,2.157,2.199,2.235,2.265
2024-04-02,2.151,2.194,2.233,2.262
2024-04-03,2.143,2.186,2.227,2.256
2024-04-07,2.141,2.18,2.22,2.253
2024-04-08,2.133,2.177,2.213,2.247
2024-04-09,2.12,2.163,2.204,2.236
2024-04-10,2.117,2.157,2.197,2.23
2024-04-11,2.105,2.144,2.189,2.222
2024-04-12,2.09,2.127,2.17,2.204
2024-04-15,2.071,2.105,2.147,2.175
2024-04-16,2.058,2.089,2.133,2.16
2024-04-17,2.049,2.08,2.12,2.151
2024-04-18,2.041,2.074,2.112,2.143
2024-04-19,2.035,2.063,2.103,2.129
2024-04-22,2.027,2.053,2.086,2.108
2024-04-23,2.018,2.045,2.068,2.091
2024-04-24,2.014,2.041,2.062,2.084
2024-04-25,1.999,2.027,2.052,2.074
2024-04-26,1.993,2.018,2.051,2.082
2024-04-28,1.994,2.017,2.053,2.087
2024-04-29,2.005,2.037,2.072,2.112
2024-04-30,2.002,2.042,2.079,2.109
2024-05-06,2.001,2.045,2.081,2.111
2024-05-07,1.996,2.041,2.077,2.108
2024-05-08,1.99,2.038,2.076,2.1035
2024-05-09,1.991,2.036,2.078,2.102
2024-05-10,1.989,2.036,2.078,2.1
2024-05-11,1.988,2.037,2.08,2.1
2024-05-13,1.983,2.035,2.08,2.1
2024-05-14,1.977,2.026,2.079,2.099
2024-05-15,1.975,2.025,2.079,2.099
2024-05-16,1.969,2.019,2.077,2.095
2024-05-17,1.963,2.013,2.08,2.096
2024-05-20,1.958,2.007,2.08,2.099
2024-05-21,1.958,2.005,2.08,2.1
2024-05-22,1.958,2.004,2.08,2.1
2024-05-23,1.957,2.001,2.08,2.1
2024-05-24,1.958,2.001,2.08,2.1
2024-05-27,1.958,2.0,2.082,2.102
2024-05-28,1.957,2.0,2.083,2.101
2024-05-29,1.957,2.0,2.082,2.1
2024-05-30,1.957,2.0,2.08,2.1
2024-05-31,1.955,1.999,2.08,2.099
2024-06-03,1.953,1.998,2.079,2.099
2024-06-04,1.949,1.996,2.077,2.097
2024-06-05,1.948,1.997,2.075,2.095
2024-06-06,1.948,1.996,2.069,2.089
2024-06-07,1.949,1.996,2.063,2.085
2024-06-11,1.947,1.995,2.056,2.081
2024-06-12,1.943,1.994,2.055,2.075
2024-06-13,1.94,1.989,2.053,2.073
2024-06-14,1.939,1.986,2.049,2.069
2024-06-17,1.935,1.985,2.048,2.068
2024-06-18,1.934,1.987,2.048,2.067
2024-06-19,1.929,1.985,2.048,2.067
2024-06-20,1.927,1.983,2.044,2.063
2024-06-21,1.923,1.977,2.04,2.059
2024-06-24,1.922,1.979,2.039,2.059
2024-06-25,1.921,1.978,2.038,2.058
2024-06-26,1.919,1.979,2.034,2.055
2024-06-27,1.918,1.979,2.029,2.051
2024-06-28,1.918,1.979,2.025,2.049
2024-07-01,1.917,1.976,2.02,2.046
2024-07-02,1.917,1.973,2.014,2.042
2024-07-03,1.914,1.967,2.006,2.034
2024-07-04,1.91,1.962,2.003,2.029
2024-07-05,1.908,1.958,1.997,2.015
2024-07-08,1.907,1.959,1.999,2.02
2024-07-09,1.907,1.959,1.998,2.019
2024-07-10,1.906,1.959,1.996,2.018
2024-07-11,1.904,1.958,1.995,2.014
2024-07-12,1.899,1.955,1.993,2.009
2024-07-15,1.897,1.957,1.989,2.007
2024-07-16,1.897,1.957,1.988,2.007
2024-07-17,1.896,1.956,1.987,2.005
2024-07-18,1.897,1.954,1.985,2.002
2024-07-19,1.895,1.948,1.982,2.0
2024-07-22,1.894,1.944,1.978,1.997
2024-07-23,1.888,1.94,1.977,1.997
2024-07-24,1.887,1.937,1.973,1.993
2024-07-25,1.882,1.932,1.967,1.985
2024-07-26,1.877,1.927,1.961,1.979
2024-07-29,1.869,1.92,1.956,1.9729
2024-07-30,1.865,1.916,1.951,1.966
2024-07-31,1.86,1.913,1.944,1.96
2024-08-01,1.857,1.906,1.936,1.956
2024-08-02,1.853,1.902,1.93,1.946
2024-08-05,1.849,1.899,1.925,1.937
2024-08-06,1.844,1.894,1.917,1.928
2024-08-07,1.839,1.888,1.914,1.923
2024-08-08,1.835,1.885,1.908,1.917
2024-08-09,1.8335,1.8835,1.906,1.916
2024-08-12,1.833,1.884,1.9085,1.922
2024-08-13,1.837,1.885,1.91,1.923
2024-08-14,1.838,1.884,1.911,1.923
2024-08-15,1.84,1.882,1.91,1.922
2024-08-16,1.838,1.883,1.91,1.922
2024-08-19,1.837,1.881,1.911,1.922
2024-08-20,1.838,1.88,1.913,1.926
2024-08-21,1.84,1.882,1.915,1.932
2024-08-22,1.843,1.886,1.919,1.936
2024-08-23,1.844,1.892,1.92,1.942
2024-08-26,1.845,1.894,1.924,1.945
2024-08-27,1.849,1.896,1.927,1.95
2024-08-28,1.85,1.9,1.931,1.956
2024-08-29,1.85,1.9,1.93,1.958
2024-08-30,1.85,1.9,1.931,1.961
2024-09-02,1.85,1.9,1.93,1.959
2024-09-03,1.85,1.902,1.931,1.96
2024-09-04,1.85,1.902,1.932,1.96
2024-09-05,1.85,1.901,1.931,1.96
2024-09-06,1.85,1.901,1.931,1.96
2024-09-09,1.85,1.903,1.933,1.962
2024-09-10,1.851,1.906,1.934,1.962
2024-09-11,1.851,1.914,1.934,1.962
2024-09-12,1.85,1.912,1.932,1.96
2024-09-13,1.85,1.91,1.932,1.96
2024-09-14,1.85,1.91,1.93,1.9585
2024-09-18,1.85,1.91,1.93,1.958
2024-09-19,1.851,1.911,1.93,1.957
2024-09-20,1.852,1.914,1.931,1.958
2024-09-23,1.854,1.913,1.932,1.957
2024-09-24,1.85,1.905,1.92,1.943
2024-09-25,1.845,1.898,1.914,1.932
2024-09-26,1.836,1.891,1.906,1.926
2024-09-27,1.835,1.887,1.902,1.923
2024-09-29,1.836,1.888,1.902,1.922
2024-09-30,1.84,1.889,1.901,1.923
2024-10-08,1.84,1.892,1.904,1.927
2024-10-09,1.841,1.892,1.909,1.932
2024-10-10,1.841,1.894,1.913,1.934
2024-10-11,1.841,1.892,1.912,1.93
2024-10-12,1.841,1.891,1.912,1.931
2024-10-14,1.841,1.891,1.912,1.93
2024-10-15,1.842,1.891,1.913,1.93
2024-10-16,1.846,1.895,1.915,1.932
2024-10-17,1.855,1.903,1.922,1.934
2024-10-18,1.858,1.903,1.921,1.932
2024-10-21,1.864,1.906,1.923,1.934
2024-10-22,1.869,1.913,1.927,1.938
2024-10-23,1.873,1.915,1.93,1.942
2024-10-24,1.879,1.92,1.932,1.944
2024-10-25,1.883,1.922,1.934,1.947
2024-10-28,1.884,1.922,1.934,1.948
2024-10-29,1.884,1.922,1.935,1.949
2024-10-30,1.884,1.922,1.938,1.949
2024-10-31,1.884,1.922,1.937,1.948
2024-11-01,1.879,1.917,1.933,1.943
2024-11-04,1.878,1.914,1.927,1.937
2024-11-05,1.877,1.91,1.925,1.935
2024-11-06,1.876,1.907,1.92,1.93
2024-11-07,1.87,1.901,1.915,1.925
2024-11-08,1.864,1.895,1.909,1.92
2024-11-11,1.862,1.893,1.905,1.916
2024-11-12,1.859,1.889,1.901,1.913
2024-11-13,1.859,1.884,1.897,1.907
2024-11-14,1.858,1.881,1.893,1.904
2024-11-15,1.856,1.878,1.889,1.899
2024-11-18,1.856,1.878,1.889,1.899
2024-11-19,1.856,1.879,1.889,1.898
2024-11-20,1.857,1.879,1.889,1.897
2024-11-21,1.86,1.88,1.889,1.898
2024-11-22,1.86,1.878,1.888,1.898
2024-11-25,1.86,1.879,1.889,1.899
2024-11-26,1.86,1.879,1.889,1.899
2024-11-27,1.859,1.879,1.889,1.899
2024-11-28,1.858,1.879,1.889,1.899
2024-11-29,1.852,1.871,1.882,1.893
2024-12-02,1.825,1.848,1.858,1.868
2024-12-03,1.795,1.815,1.825,1.835
2024-12-04,1.772,1.792,1.804,1.815
2024-12-05,1.762,1.78,1.792,1.807
2024-12-06,1.755,1.774,1.787,1.803
2024-12-09,1.753,1.77,1.783,1.8
2024-12-10,1.748,1.765,1.777,1.793
2024-12-11,1.744,1.759,1.771,1.785
2024-12-12,1.74,1.753,1.766,1.78
2024-12-13,1.735,1.744,1.759,1.774
2024-12-16,1.725,1.733,1.747,1.76
2024-12-17,1.718,1.726,1.742,1.754
2024-12-18,1.715,1.724,1.738,1.748
2024-12-19,1.712,1.72,1.735,1.745
2024-12-20,1.708,1.717,1.73,1.74
2024-12-23,1.705,1.712,1.724,1.732
2024-12-24,1.6985,1.707,1.717,1.725
2024-12-25,1.693,1.702,1.712,1.7185
2024-12-26,1.6922,1.701,1.71,1.7145
2024-12-27,1.69,1.699,1.708,1.7125
2024-12-30,1.685,1.6955,1.7075,1.7112
2024-12-31,1.6855,1.694,1.7035,1.708
2025-01-02,1.6825,1.689,1.697,1.7045
2025-01-03,1.677,1.6855,1.6935,1.7002
2025-01-06,1.663,1.6725,1.682,1.691
2025-01-07,1.655,1.667,1.676,1.685
2025-01-08,1.652,1.661,1.6705,1.6795
2025-01-09,1.645,1.656,1.666,1.674
2025-01-10,1.643,1.655,1.665,1.672
2025-01-13,1.648,1.662,1.668,1.675
2025-01-14,1.658,1.669,1.679,1.686
2025-01-15,1.6665,1.676,1.682,1.6905
2025-01-16,1.674,1.682,1.6892,1.694
2025-01-17,1.677,1.6852,1.693,1.6974
2025-01-20,1.687,1.693,1.697,1.703
2025-01-21,1.6935,1.699,1.706,1.7122
2025-01-22,1.693,1.701,1.709,1.714
2025-01-23,1.694,1.703,1.714,1.721
2025-01-24,1.697,1.707,1.716,1.725
2025-01-26,1.6995,1.7125,1.7195,1.728
2025-01-27,1.702,1.715,1.7205,1.7305
2025-02-05,1.707,1.722,1.726,1.735
2025-02-06,1.71,1.727,1.731,1.739
2025-02-07,1.711,1.724,1.729,1.735
2025-02-08,1.712,1.72,1.728,1.734
2025-02-10,1.714,1.723,1.729,1.733
2025-02-11,1.721,1.731,1.738,1.741
2025-02-12,1.726,1.736,1.744,1.746
2025-02-13,1.73,1.742,1.751,1.753
2025-02-14,1.738,1.75,1.764,1.764
2025-02-17,1.75,1.763,1.774,1.775
2025-02-18,1.763,1.773,1.786,1.796
2025-02-19,1.7702,1.784,1.8,1.812
2025-02-20,1.7802,1.794,1.811,1.823
2025-02-21,1.7912,1.802,1.831,1.831
2025-02-24,1.797,1.806,1.84,1.839
2025-02-25,1.818,1.837,1.861,1.855
2025-02-26,1.8555,1.879,1.894,1.887
2025-02-27,1.89,1.915,1.925,1.92
2025-02-28,1.922,1.946,1.953,1.944
2025-03-03,1.946,1.968,1.969,1.957
2025-03-04,1.9625,1.979,1.9745,1.967
2025-03-05,1.975,1.989,1.983,1.976
2025-03-06,1.982,1.993,1.986,1.982
2025-03-07,1.991,1.998,1.994,1.988
2025-03-10,2.005,2.002,1.999,1.994
2025-03-11,2.01,2.001,2.001,1.998
2025-03-12,2.015,2.002,2.001,2.004
2025-03-13,2.012,2.001,2.001,2.002
2025-03-14,2.004,1.999,1.996,1.998
2025-03-17,1.994,1.995,1.991,1.995
2025-03-18,1.992,1.993,1.987,1.994
2025-03-19,1.987,1.987,1.986,1.99
2025-03-20,1.98,1.98,1.983,1.989
2025-03-21,1.968,1.968,1.972,1.973
2025-03-24,1.961,1.961,1.964,1.963
2025-03-25,1.942,1.949,1.951,1.949
2025-03-26,1.934,1.941,1.941,1.942
2025-03-27,1.924,1.932,1.935,1.936
2025-03-28,1.921,1.928,1.932,1.933
2025-03-31,1.912,1.923,1.926,1.926
2025-04-01,1.907,1.916,1.921,1.921
2025-04-02,1.902,1.91,1.917,1.914
2025-04-03,1.871,1.886,1.889,1.887
2025-04-07,1.824,1.844,1.846,1.837
2025-04-08,1.81,1.827,1.83,1.813
2025-04-09,1.806,1.817,1.821,1.81
2025-04-10,1.8,1.81,1.811,1.807
2025-04-11,1.786,1.795,1.798,1.791
2025-04-14,1.777,1.788,1.79,1.786
2025-04-15,1.775,1.785,1.787,1.785
2025-04-16,1.772,1.782,1.784,1.783
2025-04-17,1.767,1.776,1.778,1.777
2025-04-18,1.761,1.771,1.775,1.772
2025-04-21,1.759,1.77,1.773,1.769
2025-04-22,1.755,1.768,1.769,1.768
2025-04-23,1.753,1.765,1.767,1.766
2025-04-24,1.75,1.764,1.766,1.766
2025-04-25,1.75,1.761,1.765,1.766
2025-04-27,1.75,1.76,1.766,1.767
2025-04-28,1.75,1.76,1.767,1.768
2025-04-29,1.75,1.76,1.767,1.767
2025-04-30,1.75,1.759,1.766,1.766
2025-05-06,1.748,1.757,1.765,1.765
2025-05-07,1.737,1.746,1.752,1.752
2025-05-08,1.72,1.729,1.729,1.735
2025-05-09,1.696,1.704,1.707,1.711
2025-05-12,1.672,1.685,1.686,1.695
2025-05-13,1.662,1.672,1.676,1.684
2025-05-14,1.653,1.663,1.67,1.677
2025-05-15,1.645,1.658,1.668,1.673
2025-05-16,1.647,1.656,1.667,1.671
2025-05-19,1.645,1.656,1.669,1.673
2025-05-20,1.642,1.654,1.665,1.671
2025-05-21,1.64,1.653,1.669,1.674
2025-05-22,1.64,1.652,1.669,1.676
2025-05-23,1.642,1.655,1.672,1.682
2025-05-26,1.643,1.662,1.674,1.685
2025-05-27,1.644,1.665,1.678,1.692
2025-05-28,1.647,1.672,1.683,1.694
2025-05-29,1.652,1.673,1.683,1.695
2025-05-30,1.652,1.672,1.683,1.698
2025-06-03,1.652,1.672,1.684,1.7
2025-06-04,1.652,1.672,1.684,1.703
2025-06-05,1.652,1.672,1.684,1.702
2025-06-06,1.651,1.671,1.682,1.697
2025-06-09,1.649,1.667,1.68,1.693
2025-06-10,1.645,1.663,1.677,1.687
2025-06-11,1.642,1.658,1.674,1.684
2025-06-12,1.639,1.657,1.67,1.68
2025-06-13,1.638,1.656,1.67,1.68
2025-06-16,1.636,1.655,1.67,1.68
2025-06-17,1.634,1.653,1.67,1.679
2025-06-18,1.63,1.647,1.666,1.676
2025-06-19,1.63,1.644,1.661,1.671
2025-06-20,1.629,1.639,1.659,1.667
2025-06-23,1.629,1.639,1.657,1.666
2025-06-24,1.629,1.639,1.655,1.662
2025-06-25,1.63,1.639,1.652,1.659
2025-06-26,1.63,1.64,1.65,1.658
2025-06-27,1.63,1.64,1.65,1.656
2025-06-30,1.63,1.64,1.65,1.657
2025-07-01,1.628,1.637,1.647,1.656
2025-07-02,1.6195,1.6315,1.6415,1.6515
2025-07-03,1.606,1.619,1.63,1.638
2025-07-04,1.597,1.611,1.621,1.629
2025-07-07,1.579,1.6,1.612,1.616
2025-07-08,1.57,1.597,1.609,1.612
2025-07-09,1.562,1.593,1.607,1.613
2025-07-10,1.559,1.589,1.608,1.613
2025-07-11,1.557,1.591,1.611,1.616
2025-07-14,1.561,1.594,1.614,1.623
2025-07-15,1.559,1.591,1.613,1.623
2025-07-16,1.559,1.592,1.612,1.621
2025-07-17,1.557,1.592,1.613,1.621
2025-07-18,1.555,1.593,1.612,1.621
2025-07-21,1.553,1.592,1.612,1.622
2025-07-22,1.549,1.591,1.612,1.621
2025-07-23,1.551,1.596,1.616,1.625
2025-07-24,1.553,1.605,1.621,1.631
2025-07-25,1.559,1.611,1.628,1.639
2025-07-28,1.56,1.613,1.632,1.642
2025-07-29,1.56,1.613,1.632,1.644
2025-07-30,1.564,1.612,1.634,1.647
2025-07-31,1.566,1.612,1.633,1.648
2025-08-01,1.563,1.61,1.63,1.645
2025-08-04,1.559,1.608,1.629,1.641
2025-08-05,1.558,1.606,1.629,1.638
2025-08-06,1.559,1.609,1.63,1.638
2025-08-07,1.56,1.61,1.63,1.639
2025-08-08,1.5544,1.61,1.6289,1.6378
2025-08-11,1.549,1.61,1.628,1.638
2025-08-12,1.548,1.609,1.629,1.638
2025-08-13,1.548,1.609,1.63,1.64
2025-08-14,1.549,1.609,1.63,1.64
2025-08-15,1.547,1.607,1.63,1.64
2025-08-18,1.549,1.608,1.633,1.643
2025-08-19,1.55,1.61,1.637,1.647
2025-08-20,1.55,1.61,1.64,1.649
2025-08-21,1.55,1.61,1.643,1.653
2025-08-22,1.55,1.61,1.641,1.653
2025-08-25,1.55,1.61,1.642,1.652
2025-08-26,1.55,1.61,1.642,1.652
2025-08-27,1.55,1.61,1.642,1.653
2025-08-28,1.55,1.61,1.643,1.653
2025-08-29,1.55,1.61,1.642,1.652
2025-09-01,1.549,1.61,1.644,1.654
2025-09-02,1.549,1.61,1.645,1.655
2025-09-03,1.55,1.61,1.645,1.656
2025-09-04,1.55,1.609,1.647,1.658
2025-09-05,1.55,1.61,1.649,1.66
2025-09-08,1.55,1.611,1.65,1.66
2025-09-09,1.551,1.615,1.651,1.661
2025-09-10,1.553,1.621,1.653,1.663
2025-09-11,1.553,1.623,1.654,1.665
2025-09-12,1.553,1.624,1.655,1.667
2025-09-15,1.553,1.626,1.661,1.671
2025-09-16,1.553,1.63,1.661,1.671
2025-09-17,1.554,1.63,1.661,1.671
2025-09-18,1.556,1.631,1.662,1.673
2025-09-19,1.562,1.632,1.663,1.673
2025-09-22,1.562,1.63,1.663,1.673
2025-09-23,1.562,1.63,1.663,1.672
2025-09-24,1.566,1.632,1.664,1.674
2025-09-25,1.574,1.635,1.669,1.679
2025-09-26,1.576,1.639,1.672,1.681
2025-09-28,1.58,1.64,1.67,1.68
2025-09-29,1.58,1.64,1.67,1.68
2025-09-30,1.58,1.64,1.67,1.68
2025-10-09,1.579,1.638,1.668,1.677
2025-10-10,1.578,1.636,1.666,1.675
2025-10-11,1.581,1.638,1.665,1.674
2025-10-13,1.58,1.639,1.661,1.669
2025-10-14,1.581,1.638,1.659,1.669
2025-10-15,1.581,1.638,1.659,1.669
2025-10-16,1.581,1.638,1.659,1.669
2025-10-17,1.58,1.64,1.66,1.67
2025-10-20,1.582,1.64,1.66,1.67
2025-10-21,1.586,1.641,1.662,1.675
2025-10-22,1.592,1.641,1.662,1.679
2025-10-23,1.594,1.641,1.662,1.68
2025-10-24,1.594,1.641,1.661,1.68
2025-10-27,1.595,1.642,1.662,1.68
2025-10-28,1.599,1.642,1.66,1.678
2025-10-29,1.599,1.64,1.658,1.675
2025-10-30,1.597,1.64,1.657,1.673
2025-10-31,1.596,1.637,1.656,1.667
2025-11-03,1.595,1.633,1.656,1.664
2025-11-04,1.594,1.6265,1.652,1.658
2025-11-05,1.589,1.6255,1.645,1.655
2025-11-06,1.5875,1.624,1.6415,1.6525
2025-11-07,1.584,1.62,1.639,1.65
2025-11-10,1.58,1.6185,1.639,1.65
2025-11-11,1.58,1.618,1.639,1.65
2025-11-12,1.58,1.619,1.639,1.649
2025-11-13,1.58,1.62,1.64,1.65
2025-11-14,1.58,1.62,1.64,1.65
2025-11-17,1.58,1.62,1.64,1.65
2025-11-18,1.58,1.62,1.64,1.65
2025-11-19,1.58,1.62,1.64,1.65
2025-11-20,1.579,1.62,1.639,1.65
2025-11-21,1.578,1.62,1.64,1.65
2025-11-24,1.58,1.62,1.64,1.65
2025-11-25,1.58,1.62,1.639,1.65
2025-11-26,1.579,1.62,1.639,1.65
2025-11-27,1.58,1.62,1.64,1.65
2025-11-28,1.58,1.62,1.64,1.65
2025-12-01,1.58,1.62,1.64,1.65
2025-12-02,1.58,1.62,1.64,1.65
2025-12-03,1.58,1.62,1.64,1.65
2025-12-04,1.58,1.62,1.64,1.65
2025-12-05,1.58,1.62,1.64,1.65
2025-12-08,1.58,1.62,1.641,1.65
2025-12-09,1.581,1.623,1.641,1.65
2025-12-10,1.582,1.624,1.64,1.65
2025-12-11,1.584,1.623,1.641,1.651
2025-12-12,1.585,1.624,1.641,1.651
2025-12-15,1.591,1.625,1.642,1.652
2025-12-16,1.595,1.629,1.643,1.653
2025-12-17,1.601,1.632,1.643,1.653
2025-12-18,1.603,1.633,1.643,1.653
2025-12-19,1.6022,1.6311,1.6411,1.6511
2025-12-22,1.601,1.629,1.64,1.65
2025-12-23,1.6,1.63,1.64,1.65
2025-12-24,1.6,1.629,1.64,1.65
2025-12-25,1.6,1.627,1.64,1.65
2025-12-26,1.6,1.628,1.64,1.65
2025-12-29,1.6,1.63,1.64,1.65
2025-12-30,1.6,1.63,1.64,1.65
2025-12-31,1.6,1.629,1.64,1.65
2026-01-04,1.598,1.624,1.639,1.649
2026-01-05,1.596,1.617,1.637,1.648
2026-01-06,1.596,1.618,1.637,1.648
2026-01-07,1.597,1.619,1.637,1.649
2026-01-08,1.595,1.619,1.636,1.648
2026-01-09,1.595,1.618,1.635,1.646
2026-01-12,1.598,1.62,1.637,1.648
2026-01-13,1.6,1.62,1.639,1.649
2026-01-14,1.6,1.62,1.64,1.65
2026-01-15,1.6,1.62,1.639,1.649
2026-01-16,1.6,1.62,1.64,1.65
2026-01-19,1.6,1.62,1.639,1.649
2026-01-20,1.6,1.62,1.638,1.649
2026-01-21,1.6,1.62,1.637,1.648
2026-01-22,1.598,1.616,1.6327,1.6458
2026-01-23,1.598,1.615,1.629,1.6441
2026-01-26,1.5978,1.6135,1.6269,1.639
2026-01-27,1.5968,1.6094,1.624,1.637
2026-01-28,1.5947,1.6099,1.6189,1.6337
2026-01-29,1.591,1.608,1.618,1.629
2026-01-30,1.589,1.609,1.617,1.628
2026-02-02,1.5889,1.6069,1.6137,1.6248
2026-02-03,1.5859,1.6042,1.6104,1.6215
2026-02-04,1.5846,1.6,1.609,1.619
2026-02-05,1.5805,1.6,1.6079,1.6189
2026-02-06,1.58,1.597,1.6058,1.6169
2026-02-09,1.58,1.5967,1.6046,1.6147
2026-02-10,1.58,1.5977,1.602,1.6115
2026-02-11,1.58,1.5958,1.5997,1.6092
2026-02-12,1.58,1.5951,1.599,1.6089
2026-02-13,1.579,1.593,1.6,1.61
2026-02-14,1.58,1.59,1.6,1.61
2026-02-24,1.578,1.59,1.599,1.61
2026-02-25,1.5778,1.59,1.5979,1.608
2026-02-26,1.5748,1.588,1.5968,1.6068
2026-02-27,1.569,1.586,1.595,1.605
2026-02-28,1.5679,1.5846,1.5945,1.604
2026-03-02,1.5678,1.582,1.591,1.5994
2026-03-03,1.565,1.577,1.586,1.595
2026-03-04,1.5605,1.5727,1.5826,1.5915
2026-03-05,1.558,1.57,1.579,1.588
2026-03-06,1.5548,1.566,1.5759,1.5848
2026-03-09,1.5515,1.5636,1.5746,1.5825
2026-03-10,1.5492,1.5614,1.5715,1.5803
2026-03-11,1.547,1.561,1.572,1.58
2026-03-12,1.546,1.56,1.57,1.579
2026-03-13,1.542,1.556,1.567,1.576
2026-03-16,1.538,1.5516,1.5627,1.5716
2026-03-17,1.5358,1.547,1.558,1.567
2026-03-18,1.532,1.543,1.556,1.565
2026-03-19,1.528,1.538,1.5515,1.5595
2026-03-20,1.522,1.534,1.547,1.555
2026-03-23,1.5182,1.529,1.5425,1.5485
2026-03-24,1.516,1.527,1.538,1.547
2026-03-25,1.5155,1.5265,1.5365,1.5455
2026-03-26,1.5135,1.5242,1.5342,1.5441
2026-03-27,1.509,1.5205,1.5315,1.5405
